id,category/id,category/name/ca,category/name/es,scope/id,scope/name/ca,scope/name/es,participatory_space/id,participatory_space/url,component/id,title/ca,body/ca,state,reference,answer/ca,answer/es,supports,endorsements/total_count,endorsements/user_endorsements,comments,attachments,followers,published_at,url,meeting_urls,related_proposals,is_amend,original_proposal/title,original_proposal/url
214,159.0, Patrimoni,Patrimonio,,,,21,https://decidim.calafell.cat/processes/pressupostos-participatius-2020?participatory_process_slug=pressupostos-participatius-2020,95,Voltants del castell,Fer peatonal els voltants del castell. Netejar i conservar el patrimonio que tenim i sobre tot impedir que els cotxes espatllin els seus voltants rascant parets i espantant la gent que passejar i es troba amb cotxes que a sobre els fan arranconar per poder pasar ells i sense respecte ni al Patrimoni ni als vianants.,rejected,CLF-PROP-2019-09-214,"<p>No es correspon amb cap tipus d'inversió, s'estan estudiant diverses solucions amb senyalització</p>",,5,1,Eva ,0,0,29,2019-09-16 06:56:50 UTC,https://decidim.calafell.cat/processes/pressupostos-participatius-2020/f/95/proposals/214,,,False,,
213,154.0,Parcs i Jardins Sostenibles,Parques y Jardines Sostenibles,3.0,Calafell ,Calafell ,21,https://decidim.calafell.cat/processes/pressupostos-participatius-2020?participatory_process_slug=pressupostos-participatius-2020,95,Vallado del estanque del parque de la Sinia,"Vallado del estanque del parque de la Sinia dada la proximidad del mismo al area infantil de juegos. Eso evitaría  la caida continua de juguetes y pelotas e incluso la ocasional de los niños mismos y dificultaría el continuo lanzamiento de objetos y la ""pesca"" infantil de los animales que lo habitan. Mantenimiento más continuo del agua y renovación de las barandillas y los tensores, los cuales se encuentran en un evidente abandono.",accepted,CLF-PROP-2019-09-213,<p>Tancament&nbsp;amb pilones&nbsp;&nbsp;( les baranes i tarima estan contemplades en pressupost)</p>,,6,0,,0,0,28,2019-09-15 23:01:49 UTC,https://decidim.calafell.cat/processes/pressupostos-participatius-2020/f/95/proposals/213,,,False,,
212,158.0,Carrers i Vials,Calles y Viales,,,,21,https://decidim.calafell.cat/processes/pressupostos-participatius-2020?participatory_process_slug=pressupostos-participatius-2020,95,Seguretat al nucli antic,"Des que es van finalitzar els carrers del nucli antic del poble, els cotxes passen propers al portals de les cases a velocitats massa elevades. Sortir de casa, sobretot amb nens, s'ha convertit en un moment de pànic i por degut a que no existeix un límit entre la calçada i la vorera. Demanem que es fiquin badens per limitar la velocitat d'aquests vehicles. C/Principal, C/Joan Miró, C/Jesús, C/Del Mar...",rejected,CLF-PROP-2019-09-212,<p>S'esta preparant projecte de senyalització i millora de la seguretat vial</p>,,5,0,,0,0,28,2019-09-15 22:10:02 UTC,https://decidim.calafell.cat/processes/pressupostos-participatius-2020/f/95/proposals/212,,,False,,
211,165.0,Espai Públic,Espacio Público,,,,21,https://decidim.calafell.cat/processes/pressupostos-participatius-2020?participatory_process_slug=pressupostos-participatius-2020,95,Seguretat escala lateral a l'Ajuntament i carrer de les Penyes,"Al lateral de l'Ajuntament existeix una escala amb una barana molt baixa que comunica el carrer de l'Església amb el carrer de les Penyes. Entre l'edifici i l'escala hi ha un forat molt gran, especialment quan aquesta arriba al carrer de les Penyes on el desnivell és major. Tanmateix, a la façana posterior de l'edifici municipal hi ha terrasses que donen al desnivell, igualment amb una protecció insuficient.",accepted,CLF-PROP-2019-09-211,<p>30 ml de Passamà d'acer ancorat a la barana d'obra</p>,,21,1,Noelia,1,0,27,2019-09-15 21:44:05 UTC,https://decidim.calafell.cat/processes/pressupostos-participatius-2020/f/95/proposals/211,,,False,,
210,165.0,Espai Públic,Espacio Público,3.0,Calafell ,Calafell ,21,https://decidim.calafell.cat/processes/pressupostos-participatius-2020?participatory_process_slug=pressupostos-participatius-2020,95,Seguretat infantil plaça cal cubano i carrer Jesús.,"Dalt del carrer Jesús tocant plaça de cal cubano, posar mesures de seguretat i fer que els nens que juguen a la plaça ho facin sense perill i també a sortida de la biblioteca del poble.
Si no es pot posar res de tanques O badens tancar l'accés als cotxes i els carrers de sota canviar-los de direcció.",rejected,CLF-PROP-2019-09-210,"<p>No es correspon amb cap tipus d'inversió, s'estan estudiant diverses solucions amb senyalització</p>",,18,0,,0,0,29,2019-09-15 20:09:52 UTC,https://decidim.calafell.cat/processes/pressupostos-participatius-2020/f/95/proposals/210,,,False,,
209,158.0,Carrers i Vials,Calles y Viales,3.0,Calafell ,Calafell ,21,https://decidim.calafell.cat/processes/pressupostos-participatius-2020?participatory_process_slug=pressupostos-participatius-2020,95,Control velocitat al nucli peatonal de Calafell poble,"Control de la velocitat dels cotxes per tot el nucli urbà peatonal de Calafell poble. S’ha d’implantar algun tipus de radar o similar perquè els cotxes no corrin pel centre del poble, per exemple  al carrer de Mar, que és estret, fa baixada i sense voreres, els cotxes volen i qualsevol dia tindrem una desgracia",rejected,CLF-PROP-2019-09-209,"<p><span class=""ql-cursor"">﻿</span>No es correspon amb cap tipus d'inversió, s'estan estudiant diverses solucions amb senyalització</p>",,15,2,"Eva Peribañez Solé, Rosa Maria Suau",0,0,29,2019-09-15 19:41:42 UTC,https://decidim.calafell.cat/processes/pressupostos-participatius-2020/f/95/proposals/209,,,False,,
208,154.0,Parcs i Jardins Sostenibles,Parques y Jardines Sostenibles,,,,21,https://decidim.calafell.cat/processes/pressupostos-participatius-2020?participatory_process_slug=pressupostos-participatius-2020,95,Enjardinament davant l'Escola Castell de Calafell,"Al carrer Andalusia amb cantonada a la Plaça Cosme Mainé davant l'Escola Castell de Calafell , per on entren els alumnes de P3, P4 i P5 hi ha un espai molt deixat. Es podria enjardinar, posar-hi arbres, bancs i una font. Tant abans com després de l'escola podria ser un lloc que convidés a 
quedar-s'hi a passar una estona a jugar amb els nens.",rejected,CLF-PROP-2019-09-208,"<p>Esta afectat urbanísticament pel PAU Masia Cal Rion, que ha de servir per obtenir-la per equipament</p>",,37,2,"Sonia , Eva Peribañez Solé",0,0,32,2019-09-15 18:10:10 UTC,https://decidim.calafell.cat/processes/pressupostos-participatius-2020/f/95/proposals/208,,,False,,
207,165.0,Espai Públic,Espacio Público,1.0,Urbanitzacions,Urbanitzacions,21,https://decidim.calafell.cat/processes/pressupostos-participatius-2020?participatory_process_slug=pressupostos-participatius-2020,95,Càmeres de vídeo vigilancia a la urbanització Masia la Font,"Darrerament, els episodis d’actes delictius s’han estés provocant por i sensació d’inseguretat a la urbanització. Un sistema de Càmeres de vídeo vigilancia a la urbanització Masia la Font similar al que ja està en funcionament al barri marítim serviria per tenir controlats els moviments i augmentar la sensació se seguretat.",accepted,CLF-PROP-2019-09-207,<p>Es valora la instal·lació de camares als accessos de la urbanització</p>,,5,0,,0,0,27,2019-09-15 18:06:54 UTC,https://decidim.calafell.cat/processes/pressupostos-participatius-2020/f/95/proposals/207,,,False,,
205,159.0, Patrimoni,Patrimonio,3.0,Calafell ,Calafell ,21,https://decidim.calafell.cat/processes/pressupostos-participatius-2020?participatory_process_slug=pressupostos-participatius-2020,95,Espurna el drac del castell,"La proposta seria la representació d’un animal fantàstic, en el nostre cas un drac, que com altres llocs de Catalunya seria exhibit en la nostra festa local, o fins i tot en cercaviles o precessons , cosa que donaria lloc a conèixer el nom del nostra poble que és Calafell
L’associació cultural( ESPURNA El drac del castell) que promou aquesta proposta, ja té l’acte fundacional resgistrat a la Generalitat de Catalunya, i properament es registrarà a l’ajuntament de Calafell.",rejected,CLF-PROP-2019-09-205,<p>Es descarata aquesta proposta per no tractar-se tracta d'una inversió relacionada amb l'espai públic o equipaments municipals. (punt 2 reglament pressupostos participatius)</p>,,26,0,,0,0,34,2019-09-15 16:00:58 UTC,https://decidim.calafell.cat/processes/pressupostos-participatius-2020/f/95/proposals/205,,,False,,
204,165.0,Espai Públic,Espacio Público,4.0,Segur ,Segur ,21,https://decidim.calafell.cat/processes/pressupostos-participatius-2020?participatory_process_slug=pressupostos-participatius-2020,95,Bus urba a tot el municipi,"Millorar el temps d' espera i mes rutes a tot el municipi, sobre tot als instituts",rejected,CLF-PROP-2019-09-204,"<p>No es una inversió. Tot i aixó, s'està redactant un Estudi de millora del servei..</p>",,9,0,,0,0,27,2019-09-15 15:54:29 UTC,https://decidim.calafell.cat/processes/pressupostos-participatius-2020/f/95/proposals/204,,,False,,
203,154.0,Parcs i Jardins Sostenibles,Parques y Jardines Sostenibles,1.0,Urbanitzacions,Urbanitzacions,21,https://decidim.calafell.cat/processes/pressupostos-participatius-2020?participatory_process_slug=pressupostos-participatius-2020,95,"Zona verda amb arbres, park Infantil i barbacoa","Falta una zona, que no sigui la platja on poder desconnectar-se amb arbres, park infantil, barbacoa, zona on es podría fer exercici, i perquè no, amb un estanc.",rejected,CLF-PROP-2019-09-203,"<p>La inversió supera els 500,000 €</p>",,6,0,,0,0,27,2019-09-15 14:39:16 UTC,https://decidim.calafell.cat/processes/pressupostos-participatius-2020/f/95/proposals/203,,,False,,
202,154.0,Parcs i Jardins Sostenibles,Parques y Jardines Sostenibles,3.0,Calafell ,Calafell ,21,https://decidim.calafell.cat/processes/pressupostos-participatius-2020?participatory_process_slug=pressupostos-participatius-2020,95,Arrenjament de la zona verda del C/ Jaume Rafel,"S’ha  convertit en una zona d’aparcament, sense control, q fa malbé la zona verda .Es podrien voreres per a que els peatons puguessin passar ,impedir l’entrada de vehicles i una valla q delimités amb la Rambla Mossèn Jaume Tobella per tal d’evitar possibles riscos per la canalla que hi juga. Un projecte per acondicionar aquesta gran zona verda d’entrada la nostre municipi que proporcionarà qualitat al barri",accepted,CLF-PROP-2019-09-202,"<p>Compren fer la vorera i posar l'enllumenat, no es considera oportú col·locar-hi mes tanques</p>",,5,0,,0,0,27,2019-09-15 11:44:13 UTC,https://decidim.calafell.cat/processes/pressupostos-participatius-2020/f/95/proposals/202,,,False,,
201,153.0,Rehabilitació ecològica,Rehabilitación ecológica,3.0,Calafell ,Calafell ,21,https://decidim.calafell.cat/processes/pressupostos-participatius-2020?participatory_process_slug=pressupostos-participatius-2020,95,Rehabilitació de “Cal Casas”,"“Cal Casas” es l’últim xalet senyorial de principis de segle XX que existeix situat al Passeig Marítim cantonada amb el Passatge Sant Antoni. La proposta seria restaurar l’immoble junt amb els jardins adjacents, per crear un espai que combini la museïtzació entorn el primer turisme que va fer us de les nostres platges i al mateix temps oferir un servei de café/teatre-bar i/o restaurant que dinamitzi l’espai entorn al projecte de museïtzació a través d’un conveni/concessió.",accepted,CLF-PROP-2019-09-201,<p>Segons pressupost de l'any passat. S'han afegit honorais i coordinació Seg. I Salut </p>,,7,0,,0,1,27,2019-09-15 12:06:26 UTC,https://decidim.calafell.cat/processes/pressupostos-participatius-2020/f/95/proposals/201,,,False,,
200,154.0,Parcs i Jardins Sostenibles,Parques y Jardines Sostenibles,3.0,Calafell ,Calafell ,21,https://decidim.calafell.cat/processes/pressupostos-participatius-2020?participatory_process_slug=pressupostos-participatius-2020,95,Iluminación y aceras en el parque ubicado entre las calles Jaume Rafel y Doctor Vandellòs  ,"Instalación de iluminación en la zona donde están ubicadas las 7 máquinas de gimnasia al aire libre y en la zona de los bancos junto al parque infantil, para que las personas usuarias podamos utilizar las instalaciones cuando no haya luz solar.

Construcción de aceras perimetrales desde el paso de peatones de la calle Doctor Vandellòs hasta la parada de autobús de la carretera, incluyendo los otros dos pasos de peatones que hay en la calle Jaume Rafel que llevan al parque.",accepted,CLF-PROP-2019-09-200,<p>Compren fer la vorera i posar l'enllumenat</p>,,2,1,Albert Iturbe Recasens,0,0,27,2019-09-15 10:55:55 UTC,https://decidim.calafell.cat/processes/pressupostos-participatius-2020/f/95/proposals/200,,,False,,
199,165.0,Espai Públic,Espacio Público,,,,21,https://decidim.calafell.cat/processes/pressupostos-participatius-2020?participatory_process_slug=pressupostos-participatius-2020,95,,,accepted,CLF-PROP-2019-09-199,<p>Caldrà un Pla d'implementació d'aquests elements en el municipi.</p>,,1,1,Jespefe,0,1,29,2019-09-15 02:42:08 UTC,https://decidim.calafell.cat/processes/pressupostos-participatius-2020/f/95/proposals/199,,,False,,
198,165.0,Espai Públic,Espacio Público,,,,21,https://decidim.calafell.cat/processes/pressupostos-participatius-2020?participatory_process_slug=pressupostos-participatius-2020,95,Petits contenidors per les burilles del tabac,Instalar contenidors específics per llençar les burilles. Aquest tipus de rebuig es un problema important tan als carrers com a les platges. A més a més es un cost extra del servei de neteja per no parlar del impacte mediambiental que ocasiona a les platges. No estaria de més fer algun tipus de campanya  per fer arribar a la gent que l'us d'aquest contenidors serien un bé per a tothom.,accepted,CLF-PROP-2019-09-198,<p>40 ubicacions a les entrades a la platja </p>,,6,0,,0,0,27,2019-09-14 20:41:32 UTC,https://decidim.calafell.cat/processes/pressupostos-participatius-2020/f/95/proposals/198,,,False,,
197,156.0,Pistes Esportives,Pistas Deportivas,,,,21,https://decidim.calafell.cat/processes/pressupostos-participatius-2020?participatory_process_slug=pressupostos-participatius-2020,95,Basquet per a petits,"Instal•lar una pista de basquet pels mes petit a la zona del Vilarenc, amb canastes a les alçades adequades per ells.",accepted,CLF-PROP-2019-09-197,<p>Inclou 4cistelles i pintura de 2 pistes</p>,,8,0,,0,0,29,2019-09-14 19:33:31 UTC,https://decidim.calafell.cat/processes/pressupostos-participatius-2020/f/95/proposals/197,,,False,,
196,165.0,Espai Públic,Espacio Público,1.0,Urbanitzacions,Urbanitzacions,21,https://decidim.calafell.cat/processes/pressupostos-participatius-2020?participatory_process_slug=pressupostos-participatius-2020,95,Esport en Mas Romeu,"Mi propuesta va orientada a la realización de un circuito de aparatos biosaludables al aire libre en la urbanización de Mas romeu. 
La finalidad es potenciar y estimular la realización de ejercicio físico orientada a satisfacer las necesidades de varios colectivos de Mas Romeu, Montmar y Calafell Parc. Propongo se instale en el terreno municipal de la Pl Lluis Millet y c/Ferran Sor, un punto negro de la ecología urbana que podría encontrar una solución mediante esta dinamización sociocultural.",accepted,CLF-PROP-2019-09-196,<p>Pressupost orientatiu similar al workout de Segur</p>,,1,1,Raquel Bejarano,0,0,28,2019-09-14 18:19:23 UTC,https://decidim.calafell.cat/processes/pressupostos-participatius-2020/f/95/proposals/196,,,False,,
195,165.0,Espai Públic,Espacio Público,,,,21,https://decidim.calafell.cat/processes/pressupostos-participatius-2020?participatory_process_slug=pressupostos-participatius-2020,95,Poda de árboles de las rieras de Segur ,Poda de árboles colindantes con las viviendas en zonas de las rieras de Segur (Casa Nova y Casa Vella) por riesgo de incendios ( ya ha habido un par de ellos). Mantenimiento y desifección de las mismas,rejected,CLF-PROP-2019-09-195,<p>Es descarta donat que no és inversió . És un servei</p>,,2,0,,0,0,28,2019-09-14 17:34:37 UTC,https://decidim.calafell.cat/processes/pressupostos-participatius-2020/f/95/proposals/195,,,False,,
194,154.0,Parcs i Jardins Sostenibles,Parques y Jardines Sostenibles,3.0,Calafell ,Calafell ,21,https://decidim.calafell.cat/processes/pressupostos-participatius-2020?participatory_process_slug=pressupostos-participatius-2020,95,Zona verda i Parc infantil ,Creació d'una nou espai verd amb zona infantil al terreny ubicat al carrer de l'Hostal i Ia carratera del Sanatori.,accepted,CLF-PROP-2019-09-194,<p>Millora enjardinament de l'espai i zona de jocs infantils . Inclou redacció projecte</p>,,3,0,,0,0,27,2019-09-14 11:02:14 UTC,https://decidim.calafell.cat/processes/pressupostos-participatius-2020/f/95/proposals/194,,,False,,
193,159.0, Patrimoni,Patrimonio,3.0,Calafell ,Calafell ,21,https://decidim.calafell.cat/processes/pressupostos-participatius-2020?participatory_process_slug=pressupostos-participatius-2020,95,Centre d'Interpretació del Patrimoni Cultural de Calafell.,"L'objectiu d'aquesta proposta és la dinamització cultural del patrimoni historic de Calafell. El Centre d'Interpretació  ubicat al nucli del Poble generaria un increment del turisme cultural de qualitat i a la vegada  ampliaria l'oferta d'oci del Municipi.
Fer difusió i posar en valor el nostre patrimoni és important per revaloritzar el llegat que deixarem a futures generacions i convertir Calafell un Municipi d'interès cultural.",rejected,CLF-PROP-2019-09-193,"<p>La inversió supera els 500,000 €</p>",,12,1,Eva Peribañez Solé,0,0,28,2019-09-14 09:00:02 UTC,https://decidim.calafell.cat/processes/pressupostos-participatius-2020/f/95/proposals/193,,,False,,
192,165.0,Espai Públic,Espacio Público,,,,21,https://decidim.calafell.cat/processes/pressupostos-participatius-2020?participatory_process_slug=pressupostos-participatius-2020,95,Parques y jardines ,"Mejorar los jardines y los parques de TODO el municipio. Crear pistas multideportivas y los parques infantiles mejorarlos a nivel manipulativo, atractivo y SOBRE TODO ACCESIBLE PARA TODOS incluyendo áreas para minusválidos, mesas de picnic, zona para animales,...  Y Crear una brigada específica para el mantenimiento de dichas zonas.",accepted,CLF-PROP-2019-09-192,<p>S'ha de redactar un pla d'adaptació de les àrees de joc infantil i dels Parcs i Jardins municipals</p>,,16,1,Jesús Medina,0,0,30,2019-09-14 08:33:56 UTC,https://decidim.calafell.cat/processes/pressupostos-participatius-2020/f/95/proposals/192,,,False,,
191,154.0,Parcs i Jardins Sostenibles,Parques y Jardines Sostenibles,,,,21,https://decidim.calafell.cat/processes/pressupostos-participatius-2020?participatory_process_slug=pressupostos-participatius-2020,95,Instal·lació pèrgoles parc de la Sínia,"Instal·lar alguna pèrgola o sistema similar a determinades zones del parc de la Sínia per tal que sigui aprofitable a les hores de més sol a l'estiu, per exemple, a la zona de jocs infantils.
La proposta es podria fer extensiva també a altres espais de la població.",accepted,CLF-PROP-2019-09-191,<p>Permet col·locar fins a 6 pérgoles </p>,,6,0,,0,0,31,2019-09-14 08:06:17 UTC,https://decidim.calafell.cat/processes/pressupostos-participatius-2020/f/95/proposals/191,,,False,,
190,159.0, Patrimoni,Patrimonio,3.0,Calafell ,Calafell ,21,https://decidim.calafell.cat/processes/pressupostos-participatius-2020?participatory_process_slug=pressupostos-participatius-2020,95,Museïtzació casa passatge Sant Antoni-Pg Maritim,"Rehabilitació casa i jardí situats  al passeig marítim cantonada passatge Sant Antoni.  Es tracta d’una casa antiga de les germanes Reus, de propietat actual de l’Ajuntament. Està en un estat deplorable de manteniment i necessita una rehabilitació. Una proposta seria la seva museïtzació convertint-la en un espai de visita pels calafellencs i turistes de Calafell on es mostrin les antigues cases de pescadors del passeig Marítim.",accepted,CLF-PROP-2019-09-190,"<p>Segons pressupost de l'any passat. S'han afegit honorais projecte, direcció i coordinació Seg. I Salut</p>",,3,0,,0,0,27,2019-09-14 04:56:56 UTC,https://decidim.calafell.cat/processes/pressupostos-participatius-2020/f/95/proposals/190,,,False,,
189,165.0,Espai Públic,Espacio Público,3.0,Calafell ,Calafell ,21,https://decidim.calafell.cat/processes/pressupostos-participatius-2020?participatory_process_slug=pressupostos-participatius-2020,95,Remodelació espai menjador INS Camí de Mar,"L'espai de l'antic menjador de l'INS Camí de Mar, ara s'utilitza com a espai pedagògic.
La remodelació milloraria aquest espai per a diferents usos, per l'alumnat de l'institut.",rejected,CLF-PROP-2019-09-189,<p>Aixó es competéncia de la Generalitat de Catalunya</p>,,11,0,,0,0,27,2019-09-13 21:07:46 UTC,https://decidim.calafell.cat/processes/pressupostos-participatius-2020/f/95/proposals/189,,,False,,
188,165.0,Espai Públic,Espacio Público,,,,21,https://decidim.calafell.cat/processes/pressupostos-participatius-2020?participatory_process_slug=pressupostos-participatius-2020,95,Calafell composta,"Implantar compostadoras en espacios clave: suelo municipal en desuso etc. Adaptar contenedores y papeleras. Aplicar gestión ecológica de todo residuo a fin de su provecho local, y fomento de buenas praxis con amplios beneficios a corto plazo; olores, plagas, limpieza general. Restos de desbroce, basura orgánica de hogares y negocios. Promover (incluso con incentivos) una mejor separación de basura con el consiguiente ahorro y repercusión económica para todos. Disponible proyecto completo. Salut!",rejected,CLF-PROP-2019-09-188,"<p>Es descarta donat que estem&nbsp;treballant en un nou dimensionament del servei de recollida de residus municipals. Els nou servei es plantejarà amb criteris d'economia circular : segur que contemplarà moltes de les propostes que ens indiquen , però el 2020 no és any d'implantació.</p>",,10,1,Montserrat Torres,1,1,27,2019-09-13 20:25:33 UTC,https://decidim.calafell.cat/processes/pressupostos-participatius-2020/f/95/proposals/188,,,False,,
187,165.0,Espai Públic,Espacio Público,4.0,Segur ,Segur ,21,https://decidim.calafell.cat/processes/pressupostos-participatius-2020?participatory_process_slug=pressupostos-participatius-2020,95,"Escola Vilamar, prou de barracons.",Cal començar a transformar els barracons en una escola completa.,rejected,CLF-PROP-2019-09-187,<p>Aixó es competéncia de la Generalitat de Catalunya</p>,,4,0,,0,0,27,2019-09-13 15:38:54 UTC,https://decidim.calafell.cat/processes/pressupostos-participatius-2020/f/95/proposals/187,,,False,,
186,156.0,Pistes Esportives,Pistas Deportivas,3.0,Calafell ,Calafell ,21,https://decidim.calafell.cat/processes/pressupostos-participatius-2020?participatory_process_slug=pressupostos-participatius-2020,95,Espai fixe per entrenar els nens del club gimnàstica Calafell,El club gimnàstica Calafell demana unes instal·lacions fixes esportives per poder dur els seus entrenaments a Calafell.,rejected,CLF-PROP-2019-09-186,<p>El Gimnas ja te projecte i s'ubicarà al costat de la pista del Castell</p>,,45,0,,3,0,31,2019-09-13 13:57:37 UTC,https://decidim.calafell.cat/processes/pressupostos-participatius-2020/f/95/proposals/186,,,False,,
185,,,,,,,21,https://decidim.calafell.cat/processes/pressupostos-participatius-2020?participatory_process_slug=pressupostos-participatius-2020,95,Programació d'arts escèniques al teatre auditori Joan Colet,"Aprofitant la remodelació del teatre auditori Joan Colet, estaria bé poder disposar d'una programació d'arts escèniques que durant l'any portés espectacles de teatre i musicals a Calafell, tal com fan altres municipis del territori. La proposta se centra especialment en el públic jove i adult, ja que la programació teatral per la canalla la cobreix amb escreix i qualitat La Xarxa.",withdrawn,CLF-PROP-2019-09-185,,,0,0,,0,0,27,2019-09-13 12:47:14 UTC,https://decidim.calafell.cat/processes/pressupostos-participatius-2020/f/95/proposals/185,,,False,,
184,159.0, Patrimoni,Patrimonio,,,,21,https://decidim.calafell.cat/processes/pressupostos-participatius-2020?participatory_process_slug=pressupostos-participatius-2020,95,Placas Fotovoltaicas en edificios del Ajuntament,Propuesta e instalación de placas fovoltaicas en todas las dependencias del Ajuntament,accepted,CLF-PROP-2019-09-184,<p>Es proposa la redacció d'una auditoria per determinar el potencial fotovoltaic dels edificis municipals i l'execució d'una instal·lació fotovoltaica pilot per autocunsum en una de les dependències municipals de Calafell amb una capacitat de 5 kW</p>,,4,0,,0,0,28,2019-09-13 11:46:23 UTC,https://decidim.calafell.cat/processes/pressupostos-participatius-2020/f/95/proposals/184,,,False,,
183,167.0,Formació,Formación,,,,21,https://decidim.calafell.cat/processes/pressupostos-participatius-2020?participatory_process_slug=pressupostos-participatius-2020,95,"Campaña de concienciacion en las escuelas e IES, ""Por un municipio limpio"" ","Campañas que lleguen a los niños y adolescentes del municipio con charlas informativas y participativas, actividades, merchandising etc.
Estos, contribuirian de forma activa en la campaña, trasladando la información a las familias y adquiriendo además valores positivos para su educación. Podrían ser también un ejemplo a seguir por los adultos
Temas a tratar :limpieza y cuidado del espacio público, tenencia responsable de mascotas, información del servicio municipal ""linea verda"", reciclaje...",rejected,CLF-PROP-2019-09-183,<p>Es descarta. No és inversió . Es tracta d'una campanya de conscienciació.</p>,,5,0,,0,0,28,2019-09-13 11:19:15 UTC,https://decidim.calafell.cat/processes/pressupostos-participatius-2020/f/95/proposals/183,,,False,,
182,165.0,Espai Públic,Espacio Público,3.0,Calafell ,Calafell ,21,https://decidim.calafell.cat/processes/pressupostos-participatius-2020?participatory_process_slug=pressupostos-participatius-2020,95,ESPAI CULTURAL per a les entitats del municipi de Calafell. ,"Moltes entitats culturals del municipi no disposen d’un espai adient on poder assajar, guardar el vestuari i material pels assajos ni reunir-se puntualment. Passen tot l’any amunt i avall amb el material per poder dur a terme els assajos . Sol·licito un espai/centre cultural nou que aculli totes les entitats  per poder trobar-nos, reunir-nos, guardar el nostre material en una sala  i assajar i així la cultura popular de Calafell continui creixent.",accepted,CLF-PROP-2019-09-182,"<p>Adequar espais antiga biblioteca de Segur+ ascensor. Inclosos projecte, direcció i coordinació Seg. I salut </p>",,72,16,"Montse, Judith Sastre Papaseit, Lena Guillamon Bel, Jordi Vs Jordi, Marc, Sara Sev, SandraS, Elena, Eulàlia Mañé Casellas, Joan Antoni Guirao Calvo, Cora, Jordi, Pau, Anna Triadó I Soler, Elena de Castro, Jordi Romeu Murgo",0,1,38,2019-09-13 10:31:39 UTC,https://decidim.calafell.cat/processes/pressupostos-participatius-2020/f/95/proposals/182,,,False,,
180,156.0,Pistes Esportives,Pistas Deportivas,3.0,Calafell ,Calafell ,21,https://decidim.calafell.cat/processes/pressupostos-participatius-2020?participatory_process_slug=pressupostos-participatius-2020,95,Creació de zones d'ombra al Camp de Futbol Municipal Juan Ríos.,"El camp no disposa de zones d'ombra. Quan els nostres fills juguen a futbol als matins, a migdia o a primeres hores de la tarda no hi ha un espai on protegir-se del sol. Pels avis i la canalla, tantes hores de sol es fan insoportables. Proposem la creació de zones d'ombra a la grada i a l'espai confrontant al bar. A més a més, quan plou no hi ha on trobar aixopluc i les families s'amunteguen a la zona de pas de dalt de la grada minvant seguretat. La proposta donaria sol·lució  tots dos problemes",accepted,CLF-PROP-2019-09-180,<p>S'ha comptat col·locar uns tendals al costat del modul del bar.</p>,,40,10,"Natalia Tabi, Daniel Fernandez, Sheila Liria Chamizo, Montse González, Merce, Gema Alcantara, El JiMmy, Joan Basseda Domenech, Pep Marin, Jose Mencias",0,1,30,2019-09-12 17:27:35 UTC,https://decidim.calafell.cat/processes/pressupostos-participatius-2020/f/95/proposals/180,,,False,,
179,156.0,Pistes Esportives,Pistas Deportivas,,,,21,https://decidim.calafell.cat/processes/pressupostos-participatius-2020?participatory_process_slug=pressupostos-participatius-2020,95,Pista de Atletismo,"Solicitamosa tener una pista de 400m de cuerda para poder entrenar y competir con el club
Por supuesto sería una instalación municipal y para todos los que quieran practicar este deporte,al no tener instalaciones tenemos que
Buscar una instalación fuera de calafell, si no puede ser en un ejercicio que sea en dos pero que se realize
(También sería buena idea para los entrenamientos mientra sale el proyecto definitivo asfaltar la zona del vilarenc que es muy buen sitio para entrenar)",rejected,CLF-PROP-2019-09-179,<p>La pista de 400 m està per damunt del pressupost màxim. En l'edició dels pressupostos participatius de 2019.es va escollir fer la de 100 m que s'executara aquest mandat.</p>,,11,0,,0,0,27,2019-09-12 17:05:26 UTC,https://decidim.calafell.cat/processes/pressupostos-participatius-2020/f/95/proposals/179,,,False,,
178,160.0,Espai per mascotes,Espacio para mascotas,,,,21,https://decidim.calafell.cat/processes/pressupostos-participatius-2020?participatory_process_slug=pressupostos-participatius-2020,95,Islas para GATOS de la calle,"Como parte de la mejora de la vida de los gatos de la calle, y para concienciar en la necesidad  de la buena convivencia con éstos.
Unos espacios aislados y a la vez integrados en nuestro municipio, para aumentar su calidad de vida y  favorecer la convivencia entre los ciudadanos y los animales sin hogar.
Y así demostrar que no son una plaga ni foco de suciedad, si las condiciones en las que viven son saludables y dignas.",rejected,CLF-PROP-2019-09-178,<p>Es descarta. Les colònies de gats ferals són gats de carrer .No es considera la construcció d'espai per a gats . Perd la funció de la colònia. L'Ajuntament està desenvolupant una prova pilot per allotjar gats temporalment que requereixin tractaments especials en un lloc tancat i controlat</p>,,26,8,"Marisa , javaco, Malu, Stella, Mónica Sánchez Gallardo, Marion Almirall, Cristina, Menuda",0,1,30,2019-09-12 15:57:32 UTC,https://decidim.calafell.cat/processes/pressupostos-participatius-2020/f/95/proposals/178,,,False,,
177,159.0, Patrimoni,Patrimonio,3.0,Calafell ,Calafell ,21,https://decidim.calafell.cat/processes/pressupostos-participatius-2020?participatory_process_slug=pressupostos-participatius-2020,95,Dinamizador de Festes ,"Fa falta una Bona coordinació i dinamització entre les parts del Nostre Municipi , per aixo demanem 3 persones , una de cada part del Municipi per vetllar i coordinar Les Nostres Festes del diferentes núclis . 


No es pas treure la Feina de un Tècnic , sino ajudar a crear Noves ideeas corporatives dins de l.ajuntament . Crec que fa falta noves ideeas a l.hora de crear Events i Activitats .",rejected,CLF-PROP-2019-09-177,<p>Es descarata aquesta proposta per no tractar-se tracta d'una inversió. (punt 2 reglament pressupostos participatius)</p>,,4,1,Dani Ollonarte Pons,0,0,26,2019-09-12 12:13:35 UTC,https://decidim.calafell.cat/processes/pressupostos-participatius-2020/f/95/proposals/177,,,False,,
176,165.0,Espai Públic,Espacio Público,3.0,Calafell ,Calafell ,21,https://decidim.calafell.cat/processes/pressupostos-participatius-2020?participatory_process_slug=pressupostos-participatius-2020,95,"Consolidación de las riberas del Torrent de Montpaó, desde el final de la estación de la Renfe hasta la zona de piedra de la calle de L’Estany.","Adecuar camino hasta el subterráneo de la via, hacia la playa.  Zona única al llegar a Calafell,  visitada por familias. Paso de muchos vecinos de Mas Mel playa que recorren ese paseo, que lleno de árboles, limpio y cuidado es un atractivo natural a consolidar y preservar. Quitar cañas que invaden márgenes, plantar vegetación mediterránea que permita limpieza, mantenimiento y evite el peligro por obstrucción de cañas en el cauce del torrente. Adaptar la calzada hasta el paso subterráneo.",accepted,CLF-PROP-2019-09-176,<p>Projecte 221000 més 20000 d'actualització de projecte</p>,,3,1,FemCalafell,1,1,29,2019-09-12 10:02:38 UTC,https://decidim.calafell.cat/processes/pressupostos-participatius-2020/f/95/proposals/176,,,False,,
175,159.0, Patrimoni,Patrimonio,,,,21,https://decidim.calafell.cat/processes/pressupostos-participatius-2020?participatory_process_slug=pressupostos-participatius-2020,95,Brigada forestal,"Creación de una brigada forestal, para la limpieza, desbroce y mantenimiento de los montes y jardines de Calafell. Las montañas que nos rodean, estan en un estado deplorable y nadie se hace cargo de ello. Esta brigada, podría hacer el mantenimiento para la prevención de incendios (muy importante)y para que toda la gente que pasea pueda disfrutar de ello. Calafell no solo tiene playas, tiene mucho más. APROVECHEMOSLO!",rejected,CLF-PROP-2019-09-175,<p>Es descarta. No és inversió . Ës tracta d'un servei</p>,,11,0,,0,0,29,2019-09-12 09:30:51 UTC,https://decidim.calafell.cat/processes/pressupostos-participatius-2020/f/95/proposals/175,,,False,,
174,154.0,Parcs i Jardins Sostenibles,Parques y Jardines Sostenibles,4.0,Segur ,Segur ,21,https://decidim.calafell.cat/processes/pressupostos-participatius-2020?participatory_process_slug=pressupostos-participatius-2020,95,Calle Islàndia. Parque infantil y espacio canino,Terreno para adecuar un punto de encuentro y diversión para todas las familias que viven en los alrededores de la calle Islàndia: Un parque infantil para los peques y una zona para que nuestras mascotas puedan juguetear y socializarse.,accepted,CLF-PROP-2019-09-174,<p>Construcció Pipican i renovació jocs infantils amb adequació espai i redacció de projecte</p>,,3,0,,0,0,27,2019-09-12 08:17:56 UTC,https://decidim.calafell.cat/processes/pressupostos-participatius-2020/f/95/proposals/174,,,False,,
172,154.0,Parcs i Jardins Sostenibles,Parques y Jardines Sostenibles,,,,21,https://decidim.calafell.cat/processes/pressupostos-participatius-2020?participatory_process_slug=pressupostos-participatius-2020,95,Crear una caseta bonita para los patos en Calafell zona patos,"Seria interesante de cara al turismo y para nosotros mismos arreglar la zona de los patos y poner una caseta antigua bonita y dotar a las fuentes de luz para que se vea mas bonito esa zona que esta muy olvidada, y si a eso le ponemos música a unas horas determinadas con los chorros de luz y agua, sería una atracción mas para Calafell y su turismo.",rejected,CLF-PROP-2019-09-172,<p>Es descarta. L'Estany és un espai natural . Els agents rurals ens demanen que retirem els ànecs domèstics .</p>,,2,0,,0,1,27,2019-09-12 06:37:10 UTC,https://decidim.calafell.cat/processes/pressupostos-participatius-2020/f/95/proposals/172,,,False,,
171,159.0, Patrimoni,Patrimonio,,,,21,https://decidim.calafell.cat/processes/pressupostos-participatius-2020?participatory_process_slug=pressupostos-participatius-2020,95,Reformar l'espai de la Maquinilla a la Confraria de Pescadors,Necessari per incloure la Maquinilla dins la visita del Museu del Mar a la Confraria.,accepted,CLF-PROP-2019-09-171,"<p>Asimilem l'actuació a la que es va fer a la confraria. S'inclouen 10,000€ d'honoraris de projecte i direcció</p>",,4,0,,0,0,26,2019-09-11 21:50:47 UTC,https://decidim.calafell.cat/processes/pressupostos-participatius-2020/f/95/proposals/171,,,False,,
170,165.0,Espai Públic,Espacio Público,,,,21,https://decidim.calafell.cat/processes/pressupostos-participatius-2020?participatory_process_slug=pressupostos-participatius-2020,95,Espacio canino en el parque de la Casa Vella de Segur,En Segur Centro es necesario un lugar donde llevar los perros a jugar y que hagan sus necesidades y así se evitarán las cacas en las aceras.  Es un lugar muy amplio y con muchas posibilades. Además de mantener más limpio el pueblo y ya no hay excusa para los incivicos.,accepted,CLF-PROP-2019-09-170,<p>Una part&nbsp;delimitada del parc</p>,,1,0,,0,0,29,2019-09-11 18:45:59 UTC,https://decidim.calafell.cat/processes/pressupostos-participatius-2020/f/95/proposals/170,,,False,,
169,154.0,Parcs i Jardins Sostenibles,Parques y Jardines Sostenibles,,,,21,https://decidim.calafell.cat/processes/pressupostos-participatius-2020?participatory_process_slug=pressupostos-participatius-2020,95,Parc al carrer Loira,"Fer un parc al solar municipal del carrer Loira, amb vegetació, jocs infantils, aparells de gimnàstica per a la gent gran i espai per a gossos.",accepted,CLF-PROP-2019-09-169,"<p>Pipican, jocs infantils, biosaludables, enjardinament i redacció projecte. Instal·lació provisional donat que éstà classificat com a&nbsp;equipament</p>",,3,0,,0,0,28,2019-09-11 13:07:25 UTC,https://decidim.calafell.cat/processes/pressupostos-participatius-2020/f/95/proposals/169,,,False,,
168,158.0,Carrers i Vials,Calles y Viales,1.0,Urbanitzacions,Urbanitzacions,21,https://decidim.calafell.cat/processes/pressupostos-participatius-2020?participatory_process_slug=pressupostos-participatius-2020,95,Pla de Mobilitat a Mas Romeu,"Implantar el Pla de mobilitat a Mas Romeu, senyalitzant aparcaments, passos de vianants i posant la senyalització vertical i horitzontal necessària.",accepted,CLF-PROP-2019-09-168,"<p>Estudi realitzat, falta la implementació</p>",,2,0,,4,0,27,2019-09-11 12:40:06 UTC,https://decidim.calafell.cat/processes/pressupostos-participatius-2020/f/95/proposals/168,,,False,,
167,161.0,Platges,Playas,,,,21,https://decidim.calafell.cat/processes/pressupostos-participatius-2020?participatory_process_slug=pressupostos-participatius-2020,95,,,rejected,CLF-PROP-2019-09-167,<p>Es descarta donat que no és inversió</p>,,4,0,,0,0,26,2019-09-11 11:30:24 UTC,https://decidim.calafell.cat/processes/pressupostos-participatius-2020/f/95/proposals/167,,,False,,
166,155.0,Aparcaments, Aparcamientos,3.0,Calafell ,Calafell ,21,https://decidim.calafell.cat/processes/pressupostos-participatius-2020?participatory_process_slug=pressupostos-participatius-2020,95,Asfaltar zona d'aparcament del col·legi Santa Creu (pg. de la Unió) ,"La zona d'aparcament del col·legi Santa Creu, al costat del pg. de la Unió, està en un estat deplorable, els dies que plou és un fangar, i al no estar senyalitzades les places d'aparcament hi ha moments que és un veritable caos i no es pot aparcar, tot i que es desperdicia molt d'espai.",rejected,CLF-PROP-2019-09-166,<p>Inclós en els Pressupostos participatius de 2019. S'ha d'executar durant aquest mandat.</p>,,5,0,,0,0,27,2019-09-10 10:25:02 UTC,https://decidim.calafell.cat/processes/pressupostos-participatius-2020/f/95/proposals/166,,,False,,
165,154.0,Parcs i Jardins Sostenibles,Parques y Jardines Sostenibles,1.0,Urbanitzacions,Urbanitzacions,21,https://decidim.calafell.cat/processes/pressupostos-participatius-2020?participatory_process_slug=pressupostos-participatius-2020,95,"Creación de un “Parque Urbano” Mas de la Mel"" entre C.Terral de d' alt, Terral de Baix i de l' Est.","Zona ajardinada (cerrada/horario), como “Pq.de la Sínia”, con servicios de: jardín, zona de juegos y ejercicios al aire libre (pq.Biosaludable) para todas las edades. La zona ajardinada se utilizaría como taller para que los C.E. desarrollaran el estudio de la “Natura”. La creación de parking para colegio y guardería, mejorando los accesos y la seguridad de los menores. Esta zona no sería sólo para mejorar la calidad de servicios de Mas Mel, sino para el resto del municipio.",accepted,CLF-PROP-2019-09-165,"<p>Redacció de projecte per adequar la totalitat de la zona verda i construcció únicament una 1ª Fase des del c. Terral de Baix fins a l'Escola Bressol "" Petit Trenet""</p>",,21,2,"Mo, Jose Duran Torralvo",3,1,37,2019-09-09 18:40:01 UTC,https://decidim.calafell.cat/processes/pressupostos-participatius-2020/f/95/proposals/165,,,False,,
164,158.0,Carrers i Vials,Calles y Viales,,,,21,https://decidim.calafell.cat/processes/pressupostos-participatius-2020?participatory_process_slug=pressupostos-participatius-2020,95,Pipi-Cans i Papereres,"Posar  més pipi-cans i papereres en tots els nuclis del municipi, per a poder tenir un Calafell més net i en condicions i així poder contribuir a reduir els efectes de l'incivisme que es noten actualment (com es poden veure  per exemple només fent una passejada pel nucli del poble).",accepted,CLF-PROP-2019-09-164,<p>4 pipicans ( 1 en cada nucli) i 100 papereres</p>,,4,0,,0,0,29,2019-09-09 17:45:52 UTC,https://decidim.calafell.cat/processes/pressupostos-participatius-2020/f/95/proposals/164,,,False,,
163,165.0,Espai Públic,Espacio Público,3.0,Calafell ,Calafell ,21,https://decidim.calafell.cat/processes/pressupostos-participatius-2020?participatory_process_slug=pressupostos-participatius-2020,95,Entorn educatiu Escoles i Instituts,"Les Escoles i Instituts de Calafell actuen com eix vertebrador del municipi.
Integrar físicament l'escola a l'entorn és un pas important per garantir des de petits la interacció amb el municipi.
Objectiu: Primer pas dignificar l'entorn físic dels centres i Creació d'Espais Educatius polivalents (Taules + Zona de Jocs + Mòduls Informatius + Zona d'Activitats educatives) amb l'objectiu de Potenciar l'espai amb activitats dutes a termes pels grups socioculturals municipals.",accepted,CLF-PROP-2019-09-163,"<p>Cal fer primer un projecte que determini que cal i a on situar-ho i despres anar-ho aplicant per etapes. Proposo destinar&nbsp;5,000€&nbsp;a la redacció del projecte i la resta a la seva execució</p>",,14,0,,0,0,29,2019-09-09 17:02:21 UTC,https://decidim.calafell.cat/processes/pressupostos-participatius-2020/f/95/proposals/163,,,False,,
162,158.0,Carrers i Vials,Calles y Viales,,,,21,https://decidim.calafell.cat/processes/pressupostos-participatius-2020?participatory_process_slug=pressupostos-participatius-2020,95,Acceso directo a urb. Bellamar y asfaltado calzadas urbanización,"Facilitar el acceso a la urbanización Bellamar por la carretera C 31 cuando se viene de Calafell dirección Segur. El cambio de sentido a la altura de la discoteca Louis Vega es muy peligros. La otra opción que hay es ir hasta el puente del Caprabo y volver para atrás.
Sería bueno por la seguridad de todos tener un acceso seguro y rápido desde la misma entrada a la urbanización. Hacer una rotonda.
Así como el asfaltado de la calzada.",accepted,CLF-PROP-2019-09-162,"<p>A la zona hi ha previst una actuació general amb projecte de remodelació de la C-31, estudi de la mobilitat a la urbanització i implementació</p>",,7,0,,0,0,30,2019-09-09 16:06:46 UTC,https://decidim.calafell.cat/processes/pressupostos-participatius-2020/f/95/proposals/162,,,False,,
161,154.0,Parcs i Jardins Sostenibles,Parques y Jardines Sostenibles,,,,21,https://decidim.calafell.cat/processes/pressupostos-participatius-2020?participatory_process_slug=pressupostos-participatius-2020,95,Aparcamiento/Picnic/Correcan Plaza Toros de Segur,"Asfaltar e iluminar la franja primera del Aparcamiento ya habilitado de la Plaza de Toros de Segur, en la parte plana superior hacer un merendero picnic zona zona verde y un vallado de correcan para perros.",accepted,CLF-PROP-2019-09-161,"<p>Cost calculat aproximadament, aplican el modul del projecte del Cols del Becu +projecte, direcció i Seg. I Salut</p>",,3,0,,0,0,28,2019-09-09 15:52:55 UTC,https://decidim.calafell.cat/processes/pressupostos-participatius-2020/f/95/proposals/161,,,False,,
160,153.0,Rehabilitació ecològica,Rehabilitación ecológica,3.0,Calafell ,Calafell ,21,https://decidim.calafell.cat/processes/pressupostos-participatius-2020?participatory_process_slug=pressupostos-participatius-2020,95,Millores d'adeqüació de les inatal·lacions de L'Escola Santa Creu,"Les famílies usuàries del Santa Creu, demanem: 
Cobertes de policarbonat o similar per cobrir els dies de pluja als alumnes i pares de cicle infantil quant surten de classes 
Posar tendals als patis dels cicles mitja a superior, 
Refer el pati de 1er i 2on amb terra de cautxú.
Canviar la reixa metàl·lica de la façana del C/ Ramon Llull per que no entrin.
Poder tenir jocs infantils de fusta i fixes al terra per als patis dels més menuts.
El % que sobrepassi el pressupost l’assumiria l’AMPA.",accepted,CLF-PROP-2019-09-160,<p>Es valora la instal·lació d'una coberta de policarbonat de 150 m2 i de 6 tendals de 5x8m.</p>,,7,0,,2,0,31,2019-09-09 11:09:42 UTC,https://decidim.calafell.cat/processes/pressupostos-participatius-2020/f/95/proposals/160,,,False,,
159,165.0,Espai Públic,Espacio Público,4.0,Segur ,Segur ,21,https://decidim.calafell.cat/processes/pressupostos-participatius-2020?participatory_process_slug=pressupostos-participatius-2020,95,Skate park al port de segur,"El port de segur és un gran espai d'oci i esport que encara té recorregut per poder fer-hi més coses com ara un skate park. A calafell ja n'hi ha un projectat però estaria molt bé que segur tingués el seu propi, a mes en un bon  espai.",rejected,CLF-PROP-2019-09-159,<p>La plaça del port ja te unes instal·lacions esportives molt versatils que permet practicar diversos esports. No es l'espai idoni per posar-ne d'altres. </p>,,7,0,,0,0,27,2019-09-09 10:12:05 UTC,https://decidim.calafell.cat/processes/pressupostos-participatius-2020/f/95/proposals/159,,,False,,
158,165.0,Espai Públic,Espacio Público,,,,21,https://decidim.calafell.cat/processes/pressupostos-participatius-2020?participatory_process_slug=pressupostos-participatius-2020,95,Accés platja en Zona Mas Mel,Millorar el acces a la platja per les persones amb movilitat reduida a la zona de Mas Mel platja amb la recuperació de la pasarela que acosta desde el passeig a l'aigua.,accepted,CLF-PROP-2019-09-158,<p>Dues passeres accessibles</p>,,5,0,,0,0,28,2019-09-09 07:41:32 UTC,https://decidim.calafell.cat/processes/pressupostos-participatius-2020/f/95/proposals/158,,,False,,
155,157.0,Comunicacions per un Desenvolupament Sostenible,Comunicaciones para un Desarrollo Sostenible,4.0,Segur ,Segur ,21,https://decidim.calafell.cat/processes/pressupostos-participatius-2020?participatory_process_slug=pressupostos-participatius-2020,95,Fibra óptica per tot el municipi,Per a tots aquells que treballen i estudien des de casa tinguin la posibilitat de tenir millor cobertura a internet.,rejected,CLF-PROP-2019-09-155,<p>Es descarta per no tractar-se d'un servei municipal i que depèn d'operadors externs. Igualment s'estima que aquesta petició té un cost superior a 500.000 €</p>,,54,8,"Manel Ceballos Rosich, Oscar Sr, Patricia Ceballos, Patrícia Ceballos i Rosich, MªISABEL LOPEZ MIRANDA, Didac, Laura Rosich, Luis Carlos Caparros Fernandez",0,0,29,2019-09-07 19:56:08 UTC,https://decidim.calafell.cat/processes/pressupostos-participatius-2020/f/95/proposals/155,,,False,,
154,155.0,Aparcaments, Aparcamientos,3.0,Calafell ,Calafell ,21,https://decidim.calafell.cat/processes/pressupostos-participatius-2020?participatory_process_slug=pressupostos-participatius-2020,95,Arreglo parquing provisional enfrente policía local,"Este gran aparcamiento de uso provisional,debería arreglarse tiene bastante uso y el perjuicio de la arena es muy importante para todo el vecindario entrando en las viviendas.
Se a de asfaltar y adecentar un poco.",accepted,CLF-PROP-2019-09-154,<p>Arreglar i condicionar sense asfaltar&nbsp;es una zona edificable i un asfaltat afegiria un cos t de demolició alt a l'hora de construïr</p>,,1,1,Pep,0,0,28,2019-09-07 15:50:27 UTC,https://decidim.calafell.cat/processes/pressupostos-participatius-2020/f/95/proposals/154,,,False,,
152,165.0,Espai Públic,Espacio Público,,,,21,https://decidim.calafell.cat/processes/pressupostos-participatius-2020?participatory_process_slug=pressupostos-participatius-2020,95,Crear un Cos especialitzat en seguretat ciudadana dins la Policia Local,"Inversión  para crear un equipo de la Policía Local especializado en seguridad ciudadana. Coches patrulla, dotación de recursos,formación, más plantilla, etc.  La complejidad del municipio hace indispensable que se  haga vigilancia con patrullas sobre todo en horario nocturno en Calafell, zona  c/ Monturiol ,Segur , urbanizaciones. El incremento de la violencia, los robos a domicilios, etc, hace que esta medida sea imprescindible para una mejor convivencia.",rejected,CLF-PROP-2019-09-152,"<p>No es tracta de cap inversió, es descarta doncs la competència és de la Generalitat</p>",,35,5,"Manuel Gonzalez Bonshoms, Ma Rosa Solé, Anna Mitjans, Amparo García, Paola Ojeda",1,1,29,2019-09-07 13:45:55 UTC,https://decidim.calafell.cat/processes/pressupostos-participatius-2020/f/95/proposals/152,,,False,,
151,156.0,Pistes Esportives,Pistas Deportivas,4.0,Segur ,Segur ,21,https://decidim.calafell.cat/processes/pressupostos-participatius-2020?participatory_process_slug=pressupostos-participatius-2020,95,Fes que el pavelló Jaume Vilamajó tingui identitat,"La voluntat és adequar les instal·lacions i crear una identitat de pavelló per així ajudar a créixer el club Basquet Calafell.
Poder  fer el marcatge amb pintura antideslliçant del color verd/negre les àrees de tir i després també pintar el  cercle central del camp per tal d'inserir l'escut del poble.
 Sol·licitar també l'adequació del magatzem per poder muntar un espai de recuperació i tonificació dels esportistes per també prevenir futures lesions.
 Respirem basquet , Fem-ho possible!",accepted,CLF-PROP-2019-09-151,<p>Es valora el marcatge de línies i escut al cercle central del pavelló</p>,,2,0,,0,0,28,2019-09-07 10:31:20 UTC,https://decidim.calafell.cat/processes/pressupostos-participatius-2020/f/95/proposals/151,,,False,,
150,158.0,Carrers i Vials,Calles y Viales,3.0,Calafell ,Calafell ,21,https://decidim.calafell.cat/processes/pressupostos-participatius-2020?participatory_process_slug=pressupostos-participatius-2020,95,Reductors de velocitat ,"Malauradament m'he fixat que molts conductors de cotxes, camions, autobus i motos s'obliden que els carrers de Calafell poble, que són ara sense voreres,  hi passen tambè vianants
Al c/ Marques de Samà, del Mar i Torredembarra per exemple van a unes velocitats que fa por per ser dintre del nucli urbà.
Ja sabem que ara els carrers son mes amplis i fan goig però una mica de seny",rejected,CLF-PROP-2019-09-150,<p>L'Ajuntament està preparant un projecte de senyalització i millora de la seguretat vial que inclou els carrers del poble el projecte s'executarà i ha de millorar molt la seguretat vial en aquest carrers</p>,,7,0,,0,0,27,2019-09-06 23:31:55 UTC,https://decidim.calafell.cat/processes/pressupostos-participatius-2020/f/95/proposals/150,,,False,,
149,154.0,Parcs i Jardins Sostenibles,Parques y Jardines Sostenibles,4.0,Segur ,Segur ,21,https://decidim.calafell.cat/processes/pressupostos-participatius-2020?participatory_process_slug=pressupostos-participatius-2020,95,Parque zona Escola La Ginesta ,"Construcción de un parque infantil cercano al colegio, ya que por esa zona no hay ninguno.",accepted,CLF-PROP-2019-09-149,<p>A la zona de les petanques del c. Les Garrigues</p>,,24,1,Paloma Lopez Pescuezo,0,0,37,2019-09-06 22:36:17 UTC,https://decidim.calafell.cat/processes/pressupostos-participatius-2020/f/95/proposals/149,,,False,,
148,158.0,Carrers i Vials,Calles y Viales,1.0,Urbanitzacions,Urbanitzacions,21,https://decidim.calafell.cat/processes/pressupostos-participatius-2020?participatory_process_slug=pressupostos-participatius-2020,95,Asfaltar el camí entre Calafell Park i Valldemar,"Asfaltar el camí de muntanya que uneix Calafell park i Valldemar, ja que és un camí bastant transitat pels veins i de seguida es fan sots i quan plou és pràcticament intransitable.",accepted,CLF-PROP-2019-09-148,"<p>Es proposa una actuació menys agressiva que no asfalta el camí, pero es fa una estabilització i construcció de cunetes , segons memoria valorada redactada pels serveis tecnics municipals s'afegeig 10,000€ per redació direcció i seg. I salut</p>",,16,2,"MCP, Didac",0,0,29,2019-09-06 22:24:13 UTC,https://decidim.calafell.cat/processes/pressupostos-participatius-2020/f/95/proposals/148,,,False,,
147,154.0,Parcs i Jardins Sostenibles,Parques y Jardines Sostenibles,,,,21,https://decidim.calafell.cat/processes/pressupostos-participatius-2020?participatory_process_slug=pressupostos-participatius-2020,95,Zona d'esbarjo i barbacoes,"Calafell creix, però potser no tant per als calafellencs que hi vivim tot l'any ja que cada vegada ens veiem més apartats per donar espai al turisme tenin't que sortir als municipis veïns per gaudir d'oci familiar.
Necessitem espai d'esbarjo amb barbacoes municipal per a les families que volen gaudir d'un dia d'entreteniment i cuina tot l'any i celebrar les nostres típiques calçotades, butifarrades... sense tenir que sortir marxar ni ajustar-se a les temporades d'opertura de zones privades.",rejected,CLF-PROP-2019-09-147,"<p>Inversió superior als 500,000€</p>",,18,1,Oskar Xavier,0,0,27,2019-09-06 22:12:22 UTC,https://decidim.calafell.cat/processes/pressupostos-participatius-2020/f/95/proposals/147,,,False,,
146,158.0,Carrers i Vials,Calles y Viales,,,,21,https://decidim.calafell.cat/processes/pressupostos-participatius-2020?participatory_process_slug=pressupostos-participatius-2020,95,Plaça Alcalde Romeu,"Rehabilitació de la plaça Alcalde Romeu, ja que està molt lletja i descuidada i dona una mala imatge a tota la zona.",accepted,CLF-PROP-2019-09-146,<p>Urbanitzar aprox. 2500 m2 inclosos (12.000 €) de projecte direcció i Seg. I salut</p>,,10,0,,0,0,28,2019-09-06 21:14:28 UTC,https://decidim.calafell.cat/processes/pressupostos-participatius-2020/f/95/proposals/146,,,False,,
145,165.0,Espai Públic,Espacio Público,3.0,Calafell ,Calafell ,21,https://decidim.calafell.cat/processes/pressupostos-participatius-2020?participatory_process_slug=pressupostos-participatius-2020,95,Asfaltar i il·luminar el descampat que hi ha davant del pàrquing de la Bòbila,"Asfaltar i il·luminar el descampat que hi ha davant del pàrquing de la Bòbila, ja que milloraria considerablement l'entrada al nucli del poble.",accepted,CLF-PROP-2019-09-145,<p>Es una zona verda i per tant no es pot asfaltar. Es valora l'Enllumenat públic. </p>,,5,0,,0,0,28,2019-09-06 20:22:15 UTC,https://decidim.calafell.cat/processes/pressupostos-participatius-2020/f/95/proposals/145,,,False,,
144,158.0,Carrers i Vials,Calles y Viales,3.0,Calafell ,Calafell ,21,https://decidim.calafell.cat/processes/pressupostos-participatius-2020?participatory_process_slug=pressupostos-participatius-2020,95,Contenedores subterráneos ,"Eliminar los contenedores ""basicos"" de siempre y sustituirlos por contenedores subterraneos. Mas facilidades para el Empleado y para los ciudadanos. 
-Ocultar la basura mediante un buzon.
-Dignifica el entorno y al quedar bajo suelo reduce los malos olores ya que queda cubierta con tapa de goma.
-Y mejora la accesibilidad a niños, gente mayor, discapacitados...",rejected,CLF-PROP-2019-09-144,<p>Es descarta . La politica municipal d'aquests darrers anys ha sigut eliminar els contenidors soterrats existents per problemes de salut laboral i manteniment dels mateixos</p>,,8,1,Nat As Scha,0,0,27,2019-09-06 19:10:20 UTC,https://decidim.calafell.cat/processes/pressupostos-participatius-2020/f/95/proposals/144,,,False,,
143,154.0,Parcs i Jardins Sostenibles,Parques y Jardines Sostenibles,4.0,Segur ,Segur ,21,https://decidim.calafell.cat/processes/pressupostos-participatius-2020?participatory_process_slug=pressupostos-participatius-2020,95,,,accepted,CLF-PROP-2019-09-143,<p>Renovació jocs infantils del Port . Inclou ombracle i paviment cautxú</p>,,13,1,Jordi Sánchez Reverte,1,0,29,2019-09-06 18:51:03 UTC,https://decidim.calafell.cat/processes/pressupostos-participatius-2020/f/95/proposals/143,,,False,,
142,158.0,Carrers i Vials,Calles y Viales,3.0,Calafell ,Calafell ,21,https://decidim.calafell.cat/processes/pressupostos-participatius-2020?participatory_process_slug=pressupostos-participatius-2020,95,Reordenació zona carrega i descarrega,"Treure la zona de carrega i descarrega, Avda Mossen Jaume Sole del C/ Sant Pere al C/ Momturiol, al sorti de la zona peatonal no hi ha visibilitat.",rejected,CLF-PROP-2019-09-142,"<p>No es proposa cap actuació, resta subjecta a la redacció del PMUS</p>",,1,0,,0,0,26,2019-09-06 18:06:17 UTC,https://decidim.calafell.cat/processes/pressupostos-participatius-2020/f/95/proposals/142,,,False,,
141,158.0,Carrers i Vials,Calles y Viales,,,,21,https://decidim.calafell.cat/processes/pressupostos-participatius-2020?participatory_process_slug=pressupostos-participatius-2020,95,Reforma carrers peatonals de la zona de vianants de Calafell platja,"El mal estat actual del paviment dels carrers de la zona peatonal de Calafell platja, principal àrea comercial i turística del municipi, amés de donar una molt mala imatge de deixadessa, provoca problemes als vianants, en especial quan plou i moltes de les rajoles trenacades s'aixequen al trepitjar-les i esquitxen amb fang o fins i tot fan caure a alguns vianants (sobretot criatures i gent gran). Es proposa canviar i actualitzar degudament el paviment existent.",rejected,CLF-PROP-2019-09-141,"<p>La inversió supera els 500,000 €</p>",,15,3,"Belen Rosado Mateos, Joan Sole, M.Teresa Alcoceba",3,0,27,2019-09-06 10:54:46 UTC,https://decidim.calafell.cat/processes/pressupostos-participatius-2020/f/95/proposals/141,,,False,,
140,157.0,Comunicacions per un Desenvolupament Sostenible,Comunicaciones para un Desarrollo Sostenible,,,,21,https://decidim.calafell.cat/processes/pressupostos-participatius-2020?participatory_process_slug=pressupostos-participatius-2020,95,Hacer paso elevado peatonal de acceso a zona comercial sobre vias,"Propongo construir un paso elevado peatonal a la altura de la calle Milá i Fontanals para acceder a zona comercial, Caprabo, Dia, Cines etc. Puede ser un puente de hierro de rápida construcción que facilite la conexión de la zona playa con la parte comercial de la carretera. Eso facilitaría que los vecinos que vivimos todo el año en la zona   playa, no tuviéramos que depender de coche para llegar a esa zona por los puentes rodados que ya existen.",rejected,CLF-PROP-2019-09-140,"<p>La inversió supera els 500,000 €</p>",,2,0,,0,0,27,2019-09-06 09:26:28 UTC,https://decidim.calafell.cat/processes/pressupostos-participatius-2020/f/95/proposals/140,,,False,,
139,158.0,Carrers i Vials,Calles y Viales,1.0,Urbanitzacions,Urbanitzacions,21,https://decidim.calafell.cat/processes/pressupostos-participatius-2020?participatory_process_slug=pressupostos-participatius-2020,95,Tapas alcantarilla calle Mosen Jaume Soler,Fijar las tapas de las alcantarillas de esta calle sobretodo en la confluencia con Josep Plà. Se mueven con mucho ruido al pasar los coches.,rejected,CLF-PROP-2019-09-139,<p>No es inverssió. Manteniment a càrrec de SOREA. Es dona avis a l'empresa per que ho revissin</p>,,8,2,"Javier, Ester Gutierrez",0,0,29,2019-09-06 08:20:07 UTC,https://decidim.calafell.cat/processes/pressupostos-participatius-2020/f/95/proposals/139,,,False,,
138,158.0,Carrers i Vials,Calles y Viales,3.0,Calafell ,Calafell ,21,https://decidim.calafell.cat/processes/pressupostos-participatius-2020?participatory_process_slug=pressupostos-participatius-2020,95,Papereres a Calafell ,"Colocació de paperes en tot el municipi, en especial a Calafell poble i al castell",accepted,CLF-PROP-2019-09-138,<p>Ja existeixen papereres però es pot ampliar en 60 unitats</p>,,12,0,,0,0,29,2019-09-05 13:26:22 UTC,https://decidim.calafell.cat/processes/pressupostos-participatius-2020/f/95/proposals/138,,,False,,
137,160.0,Espai per mascotes,Espacio para mascotas,,,,21,https://decidim.calafell.cat/processes/pressupostos-participatius-2020?participatory_process_slug=pressupostos-participatius-2020,95,Área de recreo para mascotas,"Es necesario que el consistorio habilite espacios apropiados para animales en la zona de Calafell playa. Actualmente el municipio no cuenta con ninguna área de recreo para mascotas que reúna unas condiciones mínimas de seguridad e higiene.

El lugar idóneo es la zona verde situada junto a la Masía Vilarenc. Se trata de un espacio amplio, con césped natural, que cuenta con papeleras y bancos, y que está en absoluto desuso.",accepted,CLF-PROP-2019-09-137,<p>Al Parc de les cisternes romanes </p>,,7,0,,0,0,29,2019-09-05 13:37:36 UTC,https://decidim.calafell.cat/processes/pressupostos-participatius-2020/f/95/proposals/137,,,False,,
136,153.0,Rehabilitació ecològica,Rehabilitación ecológica,,,,21,https://decidim.calafell.cat/processes/pressupostos-participatius-2020?participatory_process_slug=pressupostos-participatius-2020,95,Edificios en ruinas,"Tenemos en Segur de Calafell una serie de edificios a medio construir, paralizados desde hace varios años, que están abandonados y deberían ser derruidos, puesto que son una fuente de suciedad que pone en peligro la salud de los vecinos.",rejected,CLF-PROP-2019-09-136,<p>La propietat no és municipal</p>,,5,0,,0,0,27,2019-09-05 10:49:41 UTC,https://decidim.calafell.cat/processes/pressupostos-participatius-2020/f/95/proposals/136,,,False,,
135,158.0,Carrers i Vials,Calles y Viales,3.0,Calafell ,Calafell ,21,https://decidim.calafell.cat/processes/pressupostos-participatius-2020?participatory_process_slug=pressupostos-participatius-2020,95,Convertir carrer Angel Guimera en zona peatonal,Tots els camions de repartiment es troban en aquest carrer i el soroll es iniguantable,rejected,CLF-PROP-2019-09-135,"<p>La inversió supera els 500,000 €</p>",,9,0,,0,0,28,2019-09-05 09:08:41 UTC,https://decidim.calafell.cat/processes/pressupostos-participatius-2020/f/95/proposals/135,,,False,,
134,165.0,Espai Públic,Espacio Público,3.0,Calafell ,Calafell ,21,https://decidim.calafell.cat/processes/pressupostos-participatius-2020?participatory_process_slug=pressupostos-participatius-2020,95,"Manteniment mobiliari urbà, clavegueram i paviment","Al llarg de tot el passeig marítim hi ha mobiliari urbà que necessita urgentment manteniment (bancs, papereres, fonts, ...), és imprescindible fer manteniment del clavegueram de la carretera que hi ha paral.lela al passeig (Sant Joan de Déu), n'hi ha que estan totalment obstruïdes i sense capacitat de recollida d'aigües així com del paviment del passeig on hi han rajoles que estan soltes.",rejected,CLF-PROP-2019-09-134,<p>Es descarata aquesta proposta per no tractar-se tracta d'una inversió. Són treballs de manteniment (punt 2 reglament pressupostos participatius)</p>,,2,0,,0,0,27,2019-09-05 08:08:09 UTC,https://decidim.calafell.cat/processes/pressupostos-participatius-2020/f/95/proposals/134,,,False,,
133,165.0,Espai Públic,Espacio Público,3.0,Calafell ,Calafell ,21,https://decidim.calafell.cat/processes/pressupostos-participatius-2020?participatory_process_slug=pressupostos-participatius-2020,95,"Manteniment mobiliari urbà, clavegueram i paviment","Al llarg de tot el passeig marítim hi ha mobiliari urbà que necessita urgentment manteniment (bancs, papereres, fonts, ...), és imprescindible fer manteniment del clavegueram de la carretera que hi ha paral.lela al passeig (Sant Joan de Déu),  n'hi ha que estan totalment obstruïdes i sense capacitat de recollida d'aigües així com del paviment del passeig on hi han rajoles que estan soltes.",withdrawn,CLF-PROP-2019-09-133,,,0,0,,0,0,27,2019-09-05 08:04:05 UTC,https://decidim.calafell.cat/processes/pressupostos-participatius-2020/f/95/proposals/133,,,False,,
132,158.0,Carrers i Vials,Calles y Viales,,,,21,https://decidim.calafell.cat/processes/pressupostos-participatius-2020?participatory_process_slug=pressupostos-participatius-2020,95,Ampliació voreres avinguda Espanya i del pont de Segur de Calafell,"Ampliació de les voreres de la part de l'avinguda Espanya que dóna al pont de Segur així com millora del carril de vianants del pont. El fet que el pont sigui metàl·lic facilita les relliscades. 
És una via molt important de pas però es troba en un estat d'alta dificultat per al trànsit peatonal, en molts casos obligant a caminar per la calçada per tan estretes voreres. 
La reforma necessària excediria el pressupost, per això proposo només una ampliació i millora de voreres.",accepted,CLF-PROP-2019-09-132,"<p>Cost ampliar ambdues voreres + redacció projecte, direcció i Seg. I Salut</p>",,6,1,JordiA,1,0,28,2019-09-05 07:47:07 UTC,https://decidim.calafell.cat/processes/pressupostos-participatius-2020/f/95/proposals/132,,,False,,
131,156.0,Pistes Esportives,Pistas Deportivas,4.0,Segur ,Segur ,21,https://decidim.calafell.cat/processes/pressupostos-participatius-2020?participatory_process_slug=pressupostos-participatius-2020,95,Obrir i remodelar  Club Tennis  Sant  Miquel  de Segur de Calafell,"Els ciutadans necessiten tenir un club esportiu municipal o concertat per gaudir d'aquest esport, EL TENNIS, que creiem que te mancança al municipi. 
Fent un barem, hi ha molts ciutadans que practiquen aquest esport i que en el seu dia feien molt d'ús de les instal.lacions. 
Agrairiem que ho tinguessin molt en compte. 
 
MOLTES GRACIES.",rejected,CLF-PROP-2019-09-131,<p>El Club encara no&nbsp;es propietat municipal</p>,,6,1,ramon,0,0,27,2019-09-05 07:39:02 UTC,https://decidim.calafell.cat/processes/pressupostos-participatius-2020/f/95/proposals/131,,,False,,
129,160.0,Espai per mascotes,Espacio para mascotas,3.0,Calafell ,Calafell ,21,https://decidim.calafell.cat/processes/pressupostos-participatius-2020?participatory_process_slug=pressupostos-participatius-2020,95,Pipican con agility,"En la calle Ramón Llull, Calafell pueblo, hay una zona de descampado, donde la gente saca a los perros, aparca coches cuando no hay sitio... Sería genial un pipican con agility allí,  no hay ninguno en Calafell pueblo, es un buen sitio para ellos, en esta zona hay mucha gente con perros, y además así nos librarnos de la gente incívica, que va con los perros sueltos por cualquier sitio y deja excrementos en las aceras o cerca del parque de los niños!",accepted,CLF-PROP-2019-09-129,<p>Construcció Pipican amb Agility</p>,,5,1,Soniaa Prados Carmona,0,0,28,2019-09-04 18:06:20 UTC,https://decidim.calafell.cat/processes/pressupostos-participatius-2020/f/95/proposals/129,,,False,,
127,163.0,Joventut,Juventud,4.0,Segur ,Segur ,21,https://decidim.calafell.cat/processes/pressupostos-participatius-2020?participatory_process_slug=pressupostos-participatius-2020,95,,,accepted,CLF-PROP-2019-09-127,<p>4 porteries futbol&nbsp;i 2 pals rugby ancorats a la sorra </p>,,10,1,David Albarral Cobo,1,0,27,2019-09-04 17:40:36 UTC,https://decidim.calafell.cat/processes/pressupostos-participatius-2020/f/95/proposals/127,,,False,,
126,162.0,Gent Gran,Gente mayor,3.0,Calafell ,Calafell ,21,https://decidim.calafell.cat/processes/pressupostos-participatius-2020?participatory_process_slug=pressupostos-participatius-2020,95,Solicitud de otra licencia de taxi adaptado (5 plazas + adaptado),"Los habitantes de movilidad reducida de nuestro municipio,no siempre se les da el servicio necesario,es imposible abarcar la demanda que hay.Se pide ayuda a otros municipios con 3-4  licencias adaptadas y no siempre se logra la ayuda necesaria,y las personas que necesitan este transporte se ven imposibilitadas para recibir los servicios necesarios.Es un hecho que nuestro municipios necesita esta incorporación.Ruego se tenga en consideración esta solicitud  por el bien del municipio.Gracias.",rejected,CLF-PROP-2019-09-126,<p>No es correspon amb cap tipus d'inversió</p>,,7,0,,0,0,27,2019-09-04 15:12:17 UTC,https://decidim.calafell.cat/processes/pressupostos-participatius-2020/f/95/proposals/126,,,False,,
125,158.0,Carrers i Vials,Calles y Viales,1.0,Urbanitzacions,Urbanitzacions,21,https://decidim.calafell.cat/processes/pressupostos-participatius-2020?participatory_process_slug=pressupostos-participatius-2020,95,Neteja boscos i zones verdes,Ja hem sol.licitat moltes vegades que es netegin les zones de boscos que hi ha al voltant de les urbanitzacions de Calafell . Són zones molt perilloses en cas d´incendi i de moment no s´ha realitzat cap. Porto 11 anys a Mas Romeu (però 38 a Calafell Park) i mai han netejat ni han podat els arbres dels voltants de les parcel.les.,rejected,CLF-PROP-2019-09-125,<p>No és inversió . Es tracta d'un servei de manteniment forestal</p>,,18,0,,0,1,27,2019-09-04 15:09:11 UTC,https://decidim.calafell.cat/processes/pressupostos-participatius-2020/f/95/proposals/125,,,False,,
123,158.0,Carrers i Vials,Calles y Viales,,,,21,https://decidim.calafell.cat/processes/pressupostos-participatius-2020?participatory_process_slug=pressupostos-participatius-2020,95,"Calles de acceso directo de la estación a Paseo Marítimo, playa y zona Puerto","Las aceras de Segur playa en general están en muy mal estado. La calle d'Antoni  Almanzor de acceso directo a zona Puerto desde la Estación  y viceversa,  , presenta muy mal estado, hay bichos y vegetación que invade la acera procedente de la obra que hay parada desde hace años, acumulación de basuras y malos olores, todo ello no facilita a nadie el paso por esta calle tan transitada. Sería interesante convertir dicha calle  de preferencia peatonal.",rejected,CLF-PROP-2019-09-123,"<p>La inversió supera els 500,000 €</p>",,15,1,Àngels De Gracia,0,1,28,2019-09-04 14:46:02 UTC,https://decidim.calafell.cat/processes/pressupostos-participatius-2020/f/95/proposals/123,,,False,,
122,158.0,Carrers i Vials,Calles y Viales,,,,21,https://decidim.calafell.cat/processes/pressupostos-participatius-2020?participatory_process_slug=pressupostos-participatius-2020,95,Iluminacion publica sostenible,"Adaptar el alumbrado urbano dotándolo de acumuladores, placa solar y sistema eólico, para cada farola, con objeto de reducción de gasto y mantenimiento",rejected,CLF-PROP-2019-09-122,"<p>Es descarta aquesta proposta per la manca de viabilitat de la instal·lació d'aquest tipus de solucions en nucli urbà. Igualment, la necessitat d'instal·lar bateries d'acumulació d'energia fa que el cost econòmic i ecològic de la proposta en lluminàries dels nuclis urbans no sigui adequat tècnicament</p>",,9,0,,0,1,27,2019-09-04 10:42:18 UTC,https://decidim.calafell.cat/processes/pressupostos-participatius-2020/f/95/proposals/122,,,False,,
121,,,,,,,21,https://decidim.calafell.cat/processes/pressupostos-participatius-2020?participatory_process_slug=pressupostos-participatius-2020,95,Porterías playa Segur de Calafell,"Hace unos años habían 4 porterías en la playa de Segur de Calafell, actualmente queda una y en mal estado.",accepted,CLF-PROP-2019-09-121,<p> 4 porteries futbol&nbsp;i 2 pals rugby ancorats a la sorra </p>,,15,4,"Gonzalo Muñoz Salvador, Albert, David Albarral Cobo, Lola Nuñez",1,0,27,2019-09-04 19:36:24 UTC,https://decidim.calafell.cat/processes/pressupostos-participatius-2020/f/95/proposals/121,,,False,,
120,158.0,Carrers i Vials,Calles y Viales,4.0,Segur ,Segur ,21,https://decidim.calafell.cat/processes/pressupostos-participatius-2020?participatory_process_slug=pressupostos-participatius-2020,95,Reparar aceres i clavagueram,"Fa 20 anys  tenim un apartament i patint els desperfectes d'aceres a Segur de Calafell sobretot la paralela al psg maritim, les rajoles ballen, trencades i es soluciona amb nyaps de ciment, gent d'edat avançada cau sovint. El c/ Antoni Almanzor  és un desastre, les escombreries  s'acumulen a diari, la zona de contenidors sempre ha estat un abocador de deixalles. Agrairé també es millori el clavagueram,  quan plou els carrers queden innundats.",rejected,CLF-PROP-2019-09-120,"<p>La inversió supera els 500,000 €</p>",,12,0,,0,0,28,2019-09-03 22:23:27 UTC,https://decidim.calafell.cat/processes/pressupostos-participatius-2020/f/95/proposals/120,,,False,,
119,158.0,Carrers i Vials,Calles y Viales,,,,21,https://decidim.calafell.cat/processes/pressupostos-participatius-2020?participatory_process_slug=pressupostos-participatius-2020,95,Carril bici Calafell - Segur,"Carril bici que uneixi Calafell poble, Platja i Segur.",rejected,CLF-PROP-2019-09-119,"<p>No es proposa cap actuació, resta subjecta a la redacció del PMUS</p>",,24,0,,0,0,27,2019-09-03 21:28:51 UTC,https://decidim.calafell.cat/processes/pressupostos-participatius-2020/f/95/proposals/119,,,False,,
118,161.0,Platges,Playas,3.0,Calafell ,Calafell ,21,https://decidim.calafell.cat/processes/pressupostos-participatius-2020?participatory_process_slug=pressupostos-participatius-2020,95,Accesos al mar para las personas mayores,"Propongo poner algún tipo de barandillas o postes con cuerdas que entren en el mar para que las personas mayores puedan bañarse. El desnivel de la entrada al mar (por lo menos en Calafell playa, no sé si también en Segur) hace que mucha gente mayor no pueda disfrutar del placer de bañarse. Por ejemplo, se podrían alargar hasta el mar las cuerdas y postes que delimitan las zonas de entrada y salida de embarcaciones.",accepted,CLF-PROP-2019-09-118,"<p>Cordada ( en els llocs on estan els mòduls de salvament&nbsp;, perquè tinguin una subjecció al mar )</p>",,11,4,"Eva Rey, Jac Rocker, Mayu Rey, Marta",0,0,30,2019-09-03 19:56:14 UTC,https://decidim.calafell.cat/processes/pressupostos-participatius-2020/f/95/proposals/118,,,False,,
117,158.0,Carrers i Vials,Calles y Viales,,,,21,https://decidim.calafell.cat/processes/pressupostos-participatius-2020?participatory_process_slug=pressupostos-participatius-2020,95,Asfaltar el tram de Lluís companys des d'estació de segur fins pont de mas mel,"Degut al mal estat del carrers paralels a la via i de tots els vehicles que hi passen diàriament es necessari asfaltar aquest tram correctament perquè està ple de forats i ""parches"" mal fets. A més posar reductors de velocitat o radar ja que sembla una autopista.",accepted,CLF-PROP-2019-09-117,<p>El tram indicat es de uns 14.000 m2. L'import màxim dona per asfaltar 6.250 m2</p>,,7,1,Dani,0,0,27,2019-09-03 17:34:36 UTC,https://decidim.calafell.cat/processes/pressupostos-participatius-2020/f/95/proposals/117,,,False,,
115,154.0,Parcs i Jardins Sostenibles,Parques y Jardines Sostenibles,,,,21,https://decidim.calafell.cat/processes/pressupostos-participatius-2020?participatory_process_slug=pressupostos-participatius-2020,95,Realitzar la poda d'arbres per millorar l'enllumenat public a una part del carrer Antistiana,"Degut a la gran crescuda dels arbres i la manca de poda, el enllumenat del carrer al estiu es insuficient, ja que les fulles del arbres no deixan pasar la llum dels fanals al quedar aquest tapats pels arbres .",rejected,CLF-PROP-2019-09-115,<p>Es descarta ja que no es tracta d'inversió sinó de prestació d'un servei</p>,,2,0,,0,1,27,2019-09-05 15:46:54 UTC,https://decidim.calafell.cat/processes/pressupostos-participatius-2020/f/95/proposals/115,,,False,,
114,165.0,Espai Públic,Espacio Público,1.0,Urbanitzacions,Urbanitzacions,21,https://decidim.calafell.cat/processes/pressupostos-participatius-2020?participatory_process_slug=pressupostos-participatius-2020,95,Càmeres de seguretat,Instal.lació de càmeres de seguretat a tots els accessos del municipi i en els llocs i carrers on hi ha mes incivisme.,accepted,CLF-PROP-2019-09-114,<p>Es valora la instal·lació de camares de seguretat en les inmediacions de les estacions de Calafell i Segur de Calafell. Pendent de definir un pla d'implantació per part de seguretat ciutadana per definir la resta de punts d'actuació</p>,,24,0,,0,0,30,2019-09-03 15:28:59 UTC,https://decidim.calafell.cat/processes/pressupostos-participatius-2020/f/95/proposals/114,,,False,,
113,165.0,Espai Públic,Espacio Público,3.0,Calafell ,Calafell ,21,https://decidim.calafell.cat/processes/pressupostos-participatius-2020?participatory_process_slug=pressupostos-participatius-2020,95,Art urbà a Calafell poble,"Crear un concurs públic street art, ( graffitis,art urbà) en el qual els ciutadans de Calafell Poble que ho desitgin, puguin oferir les seves façanes com aportació als artistes i al poble, per tal que puguin desenvolupar la seva creativitat amb murals pintats. Fora una bona manera de guanyar visitants al poble.",rejected,CLF-PROP-2019-09-113,<p>Es descarata aquesta proposta per no tractar-se d'una inversió (punt 2 reglament pressupostos participatius)</p>,,18,0,,0,0,28,2019-09-03 14:48:34 UTC,https://decidim.calafell.cat/processes/pressupostos-participatius-2020/f/95/proposals/113,,,False,,
112,156.0,Pistes Esportives,Pistas Deportivas,4.0,Segur ,Segur ,21,https://decidim.calafell.cat/processes/pressupostos-participatius-2020?participatory_process_slug=pressupostos-participatius-2020,95,Instalacions Esportives a Segur de Calafell,Crec que seria necessari una pista de futbol sala per potenciar l'esport en la juventut ja que som molts els que juguem a futbol i no tenim un lloc en condicions on poder jugar aquí a Segur Platja.,accepted,CLF-PROP-2019-09-112,<p>&nbsp;Cost estimat similar al&nbsp;projecte en redacció de Valldemar. (pista al aire lliure) cal trobar la ubicació. (honoraris redacció+direcció +Seg. I Salut)</p>,,13,1,David Albarral Cobo,1,0,28,2019-09-03 13:52:47 UTC,https://decidim.calafell.cat/processes/pressupostos-participatius-2020/f/95/proposals/112,,,False,,
111,158.0,Carrers i Vials,Calles y Viales,4.0,Segur ,Segur ,21,https://decidim.calafell.cat/processes/pressupostos-participatius-2020?participatory_process_slug=pressupostos-participatius-2020,95,Arreglar Calles Segur Calafell Playa,"Se deberían arreglar las calles de Segur de Calafell Playa. Están en un estado lamentable tanto en pavimento como en suciedad. En especial la calle Antonio Almanzor que es una de las calles principales que une la estación con el paseo Marítimo, por la que pasa muchísima gente y por la que se debe ir en zig zag para evitar baches, vegetación que inunda la acera, basuras , trastos, etc.",rejected,CLF-PROP-2019-09-111,"<p>La inversió supera els 500,000 €</p>",,15,0,,0,0,28,2019-09-03 13:49:12 UTC,https://decidim.calafell.cat/processes/pressupostos-participatius-2020/f/95/proposals/111,,,False,,
110,156.0,Pistes Esportives,Pistas Deportivas,,,,21,https://decidim.calafell.cat/processes/pressupostos-participatius-2020?participatory_process_slug=pressupostos-participatius-2020,95,Canviar gespa camp de futbol de Segur,Gespa caducada i en mal estat que pot portar a lesions.,accepted,CLF-PROP-2019-09-110,<p>Pressupost orientatiu mig -500.000€</p>,,2,0,,3,0,31,2019-09-13 14:21:52 UTC,https://decidim.calafell.cat/processes/pressupostos-participatius-2020/f/95/proposals/110,,,False,,
109,158.0,Carrers i Vials,Calles y Viales,4.0,Segur ,Segur ,21,https://decidim.calafell.cat/processes/pressupostos-participatius-2020?participatory_process_slug=pressupostos-participatius-2020,95,Arreglar la Calle Antoni Almanzor (Segur de Calafell),"Desde hace mucho tiempo que la calle Antoni Almanzor, nexo comunicativo entre la estación de Segur de Calafell y el puerto, necesita un arreglo importante. Ya se recogieron firmas y se hizo una petición expresa al Ayuntamiento a través de FB, pero hasta el momento caso omiso a los vecinos de la zona. Aprovecho este medio, para pedir por favor que una partida de los pptos. se destine a ""peatonalizar"" y modificar dicha calle, para que los vecinos podamos pasear tranquilos y sin ascos por la zona.",rejected,CLF-PROP-2019-09-109,"<p>La inversió supera els 500,000 €</p>",,12,3,"Albert, Àngels De Gracia, Lola Nuñez",0,0,28,2019-09-03 12:26:17 UTC,https://decidim.calafell.cat/processes/pressupostos-participatius-2020/f/95/proposals/109,,,False,,
108,160.0,Espai per mascotes,Espacio para mascotas,,,,21,https://decidim.calafell.cat/processes/pressupostos-participatius-2020?participatory_process_slug=pressupostos-participatius-2020,95,Pipi-can a la Bòbila de Calafell,"Crec que és necessari un pipi-can a la bòbila de Calafell. No volem un Agility, només un tros vallat, pq les nostres mascotes puguin estar tranquils.",accepted,CLF-PROP-2019-09-108,<p>Construcció&nbsp;Pipi-can</p>,,17,2,"Eva , Nat As Scha",0,0,28,2019-09-03 12:24:04 UTC,https://decidim.calafell.cat/processes/pressupostos-participatius-2020/f/95/proposals/108,,,False,,
106,158.0,Carrers i Vials,Calles y Viales,3.0,Calafell ,Calafell ,21,https://decidim.calafell.cat/processes/pressupostos-participatius-2020?participatory_process_slug=pressupostos-participatius-2020,95,Voreres noves al carrer Vilamar,"En el seu dia es va fer la reparació de les voreres al carrer vilamar des del carrer sant pere al passeig sant antoni, ara la meva proposta és que es faci el tram de les voreres  del carrer vilamar des del pg sant antoni fins el carrer de l' estany i fer les clavegueres noves.",rejected,CLF-PROP-2019-09-106,"<p>La inversió supera els 500,000 €</p>",,4,1,M.Teresa Alcoceba,1,0,27,2019-09-03 10:01:17 UTC,https://decidim.calafell.cat/processes/pressupostos-participatius-2020/f/95/proposals/106,,,False,,
105,165.0,Espai Públic,Espacio Público,1.0,Urbanitzacions,Urbanitzacions,21,https://decidim.calafell.cat/processes/pressupostos-participatius-2020?participatory_process_slug=pressupostos-participatius-2020,95,Centro cívico urb.valldemar ,"Sitio de reunion vecinal ,hasta ahora estamos en un campo de fútbol sin arreglar , sin sombra y lleno de piedras y agujeros.",rejected,CLF-PROP-2019-09-105,"<p>La inversió supera els 500,000 €</p>",,16,2,"Malu, Stella",0,0,28,2019-09-02 19:14:05 UTC,https://decidim.calafell.cat/processes/pressupostos-participatius-2020/f/95/proposals/105,,,False,,
103,156.0,Pistes Esportives,Pistas Deportivas,1.0,Urbanitzacions,Urbanitzacions,21,https://decidim.calafell.cat/processes/pressupostos-participatius-2020?participatory_process_slug=pressupostos-participatius-2020,95,Instal·lacions esportives a Valldemar,"Necessitem una zona d'esports  a Valldemar, unes pistes multi esportives amb instal·lacions adequades.",accepted,CLF-PROP-2019-09-103,<p>Els serveis Tecnics municipals estan redactant un projecte de Centre civic a Valldemar que també contempla una pista poliesportiva. S'aplica el cost estimat en el projecte en redacció només de la pista</p>,,29,6,"Stella, Malu, javaco, José , maikny, Marisa ",8,0,30,2019-09-02 17:09:48 UTC,https://decidim.calafell.cat/processes/pressupostos-participatius-2020/f/95/proposals/103,,,False,,
102,156.0,Pistes Esportives,Pistas Deportivas,,,,21,https://decidim.calafell.cat/processes/pressupostos-participatius-2020?participatory_process_slug=pressupostos-participatius-2020,95,Parc lúdic per a totes les edats,"La creació d’un parc lúdic per a totes les edats, amb pista de skate, bàsquet, tirolines, columpios, bitlles, gimnas per gent gran, i zona de pícnic. Hi ha pobles en la costa amb parc lúdics infantils fantàstics, plens de gent. Trobo que a calafell hi pots fer moltes activitats pero totes amb un elevat preu; com calafell aventura o calafell ski de. Pero municipal no hi ha res en condicions per passar els matins o les tardes.  Crec que hi fa realment falta aquest tipus d’equipament.",rejected,CLF-PROP-2019-09-102,"<p>La inversió supera els 500,000 €</p>",,13,1,Silvia,0,0,27,2019-09-02 15:48:29 UTC,https://decidim.calafell.cat/processes/pressupostos-participatius-2020/f/95/proposals/102,,,False,,
101,165.0,Espai Públic,Espacio Público,1.0,Urbanitzacions,Urbanitzacions,21,https://decidim.calafell.cat/processes/pressupostos-participatius-2020?participatory_process_slug=pressupostos-participatius-2020,95,,,accepted,CLF-PROP-2019-09-101,<p>Redacció de projecte i inversió per implementació</p>,,3,0,,0,0,29,2019-09-02 15:17:18 UTC,https://decidim.calafell.cat/processes/pressupostos-participatius-2020/f/95/proposals/101,,,False,,
100,154.0,Parcs i Jardins Sostenibles,Parques y Jardines Sostenibles,,,,21,https://decidim.calafell.cat/processes/pressupostos-participatius-2020?participatory_process_slug=pressupostos-participatius-2020,95,Deporte gratuito para tod@s en Calafell ,"La propuesta se basa en hacer llegar el deporte gratuito a todas las urbanizaciones que componen el municipio de Calafell con la instalación de pequeñas pero funcionales áreas deportivas destinadas para todos los deportistas y edades, que también estarían diseñadas y destinadas a su vez para personas con movilidad reducida. Los espacios podrían estar repartidos en diferentes sectores, como son  Mas romeu o  Calafell Parc / Segur de C. / Segur de Dalt o Valldemar/ C. Pueblo / C. playa.",accepted,CLF-PROP-2019-09-100,"<p>Inclou redactar un Pla de pistes esportives que inclogui les que hi ha, les que falten i el cost de deparar les existents. i els diners per reparacions o noves pistes. Es un cost estimat</p>",,33,7,"Jose A. Nieto, Carlos V, Pablo Renedo Barrios, César Tomelic Campo, Ricard Donnay, carlos cdaza, EDUCANDO EN CASA",0,1,29,2019-09-02 14:52:05 UTC,https://decidim.calafell.cat/processes/pressupostos-participatius-2020/f/95/proposals/100,,,False,,
99,165.0,Espai Públic,Espacio Público,1.0,Urbanitzacions,Urbanitzacions,21,https://decidim.calafell.cat/processes/pressupostos-participatius-2020?participatory_process_slug=pressupostos-participatius-2020,95,Arreglar la zona esportiva I d'oci de Mas Romeu. ,"Arreglar el parc infantil de Mas Romeu, que fa pena i está en un estat perillossíssim. Aprofitar per fer l'arranjament i millora de les pistes de petanca, basquet i futból de la zona esportiva annexa al parc. 
Si és necesari posar cameras per controlar els actes vandalics.",accepted,CLF-PROP-2019-09-99,"<p>Pressuposst arrenjar&nbsp;3,200 m2 per un mòdul aproximat de 60 €/ m2&nbsp;+ honoraris projecte i direcció</p>",,11,0,,2,0,29,2019-09-02 14:01:15 UTC,https://decidim.calafell.cat/processes/pressupostos-participatius-2020/f/95/proposals/99,,,False,,
98,156.0,Pistes Esportives,Pistas Deportivas,3.0,Calafell ,Calafell ,21,https://decidim.calafell.cat/processes/pressupostos-participatius-2020?participatory_process_slug=pressupostos-participatius-2020,95,Camp annex Fútbol 7,Realitzar un camp annex de futbol-7 al costat del Mpal. Juan Ríos,rejected,CLF-PROP-2019-09-98,"<p>La inversió supera els 500,000 €</p>",,17,1,Oscar Morales,0,0,28,2019-09-02 13:51:19 UTC,https://decidim.calafell.cat/processes/pressupostos-participatius-2020/f/95/proposals/98,,,False,,
97,165.0,Espai Públic,Espacio Público,,,,21,https://decidim.calafell.cat/processes/pressupostos-participatius-2020?participatory_process_slug=pressupostos-participatius-2020,95,Eliminacio de plagues,"Solucionar la invasio de cucarachas i rates del poble, sobre tot Mas mel, fa tres anys que tenim invasio i a surtit publicat als mijants de comunicacio.
Hem reclamat la netega del clavegueram i nomes han posat excuses, si es per falta de presupost ara seria un bon moment.",rejected,CLF-PROP-2019-09-97,<p>Es descarta donat que es tracta de prestació d'un servei . No és inversió</p>,,22,0,,1,0,26,2019-09-02 10:58:56 UTC,https://decidim.calafell.cat/processes/pressupostos-participatius-2020/f/95/proposals/97,,,False,,
95,154.0,Parcs i Jardins Sostenibles,Parques y Jardines Sostenibles,3.0,Calafell ,Calafell ,21,https://decidim.calafell.cat/processes/pressupostos-participatius-2020?participatory_process_slug=pressupostos-participatius-2020,95,"Ajardinar la zona verde de la Ctra situada enfrente ""El Mas Mel"" y ""Bellamar""","La zona verde, situada delante la urbanización de El Mas Mel y Bellamar se tiene que ajardinar muy bien. 
Actualmente está ajardinada en unas condiciones muy pobres, y hay que recordar que es una zona por donde pasan muchísimas personas, tanto personas que pasan por la Ctra C-31, como todas aquellas personas que van al MCB Cinemas, Mcdonals, Caprabo, Worten, JYSK...
¡Cuidemos la imagen de Calafell!",rejected,CLF-PROP-2019-09-95,<p>A la zona hi ha previst una actuació general amb projecte de remodelació de la C-31que inclou aquestes zones ajardinades</p>,,4,0,,1,0,27,2019-09-02 09:27:18 UTC,https://decidim.calafell.cat/processes/pressupostos-participatius-2020/f/95/proposals/95,,,False,,
94,165.0,Espai Públic,Espacio Público,,,,21,https://decidim.calafell.cat/processes/pressupostos-participatius-2020?participatory_process_slug=pressupostos-participatius-2020,95,,,rejected,CLF-PROP-2019-09-94,<p>Es descarta donat que no es tracta d'inversió . Sinó de la constitució d'un equip d'agents cívics </p>,,5,0,,0,0,27,2019-09-02 07:51:16 UTC,https://decidim.calafell.cat/processes/pressupostos-participatius-2020/f/95/proposals/94,,,False,,
116,158.0,Carrers i Vials,Calles y Viales,3.0,Calafell ,Calafell ,21,https://decidim.calafell.cat/processes/pressupostos-participatius-2020?participatory_process_slug=pressupostos-participatius-2020,95,Solucions peatons ,Mirar de trobar una solució a la avinguda Mossèn Jaume Soler ja que els vehicles no respecten cap pas de peatons i ja han hagut varios atropellaments.. Posar salts abans de cada pas o quansevol solució perquè és respecti.,rejected,CLF-PROP-2019-09-116,"<p>No es proposa cap actuació, resta subjecta a la redacció del PMUS</p>",,6,1,Manuel Casado Monge,2,0,28,2019-09-03 15:52:21 UTC,https://decidim.calafell.cat/processes/pressupostos-participatius-2020/f/95/proposals/116,,,False,,
128,154.0,Parcs i Jardins Sostenibles,Parques y Jardines Sostenibles,1.0,Urbanitzacions,Urbanitzacions,21,https://decidim.calafell.cat/processes/pressupostos-participatius-2020?participatory_process_slug=pressupostos-participatius-2020,95,,,accepted,CLF-PROP-2019-09-128,"<p>pressuposst arrenjar&nbsp;3,200 m2 per un mòdul aproximat de 60 €/ m2&nbsp;+ honoraris projecte i direcció</p>",,4,0,,1,0,28,2019-09-04 18:03:42 UTC,https://decidim.calafell.cat/processes/pressupostos-participatius-2020/f/95/proposals/128,,,False,,
