id,category/id,category/name/en,category/name/ca,category/name/es,category/name/fr,category/name/nl,category/name/de,scope/id,scope/name/en,scope/name/ca,scope/name/es,scope/name/fr,scope/name/nl,scope/name/de,participatory_space/id,participatory_space/url,collaborative_draft_origin,component/id,title,body,state,reference,answer/en,answer/ca,answer/es,answer/fr,answer/nl,answer/de,supports,endorsements,comments,amendments,attachments_url,attachments,followers,published_at,url,meeting_urls,related_proposals
458,74.0,,,,Espaces verts,Groene Ruimten,,,,,,,,,35,https://uccle.monopinion.belgium.be/processes/budgetparticipatif2020?participatory_process_slug=budgetparticipatif2020,True,156,Végétalisation de la bibliothèque Le Phare: bâtiment et espace extérieur,"Ce projet vise à végétaliser la façade du bâtiment de la bibliothèque, Le Phare, pour le rendre plus accueillant, convivial et contemporain. Le projet vise aussi à déminéraliser l'espace extérieur du bâtiment en aménageant des espaces verts qui invitent à la lecture, à la détente et aux activités de la bibliothèque (dont « l’heure du conte » pour les petits). Ainsi réaménagé, le bâtiment, et son extérieur, formeront un tout harmonieux avec le Jardin des Deux Cerisiers adjacent (initiative citoyenne de 2013) tout en étant un « poumon vert » bienvenu le long de la chaussée de Waterloo.",accepted,uccle-PROP-2020-10-458,,,,"<p>Cette proposition a été retenue parce que :</p><p>La proposition respecte les critères du budget participatif et a été instruite par le service communal compétent pour analyser sa faisabilité et son coût. Elle a été jugée réalisable et sera donc soumise au vote des Ucclois(e)s du 31 octobre au 29 novembre.&nbsp;</p><p>Cependant, suite à l'analyse de faisabilité technique des services compétents, la proposition a dû être adaptée : les aménagements extérieurs devront prendre en compte les rénovations de la copropriété liées à des infiltrations d'eau, le bardage en bois ne pourra être réalisé (coût&nbsp;supérieur à 50 000 euros et le bâtiment est une copropriété) mais la végétalisation des façades sera prise en compte, l'installation de bacs sur la dalle avant ne pourra être réalisée en raison de problèmes d'infiltration mais un banc pourra y être installé, des bancs en extérieur et de nouvelles plantations pourront être installés et la partie avant de la bibliothèque peut être réaménagée pour plus de convivialité.</p>",,,1,0,0,0,uccle.monopinion.belgium.be/uploads/decidim/attachment/file/160/Projet_Le_Phare_Budget_Participatif_2020_.docx,1,1,2020-10-10 22:31:29 +0200,https://uccle.monopinion.belgium.be/processes/budgetparticipatif2020/f/156/proposals/458,,
437,74.0,,,,Espaces verts,Groene Ruimten,,,,,,,,,35,https://uccle.monopinion.belgium.be/processes/budgetparticipatif2020?participatory_process_slug=budgetparticipatif2020,True,156,Planter une forêt urbaine à Uccle,"Nous souhaitons planter une forêt urbaine sur un terrain en friche (restant à confirmer) pour développer la biodiversité, améliorer le cadre de vie et profiter des bénéfices de la nature (absorption CO2, fraicheur, réduction du stress...). Nous utiliserons la méthode Miyawaki qui permet de créer des forêts urbaines rapidement quelles que soient les conditions.
Le projet de plantation de forêt urbaine est participatif car : la forêt doit devenir un espace naturel dont chacun pourra profiter et la plantation des arbres est exécutée par des Ucclois volontaires !
A ce stade, tout reste à imaginer concernant la journée de plantation. Notre objectif sera : 
D’inclure autant de communautés que possible : habitants, écoles, étudiants, ASBL…
De profiter de cet évènement pour créer du lien et rassembler, pour laisser place à la rencontre,
La journée de plantation pourra être l’occasion de promouvoir d’autres initiatives locales et durables.",accepted,uccle-PROP-2020-09-437,,,,"<p>Cette proposition a été retenue parce que :</p><p>La proposition respecte les critères du budget participatif et a été instruite par le service communal compétent pour analyser sa faisabilité et son coût.</p><p>Elle a été jugée réalisable et sera donc soumise au vote des Ucclois(e)s du 31 octobre au 29 novembre. Cependant, suite à l'analyse de faisabilité technique des services compétents, la proposition a dû être adaptée : un appel d'offres sera lancé pour la sélection du prestataire qui réalisera la forêt et il est proposé de la réaliser square Marlow ou chaussée de Neerstalle (angle rue Baron Guillaume Van Hamme).</p>",,,1,0,0,0,uccle.monopinion.belgium.be/uploads/decidim/attachment/file/141/Planter_une_for%C3%AAt_urbaine_%C3%A0_Uccle.pdf,1,1,2020-09-10 10:50:19 +0200,https://uccle.monopinion.belgium.be/processes/budgetparticipatif2020/f/156/proposals/437,,
457,85.0,,,,Environnement- Développement durable,Milieu-Duurzame Ontwikkeling,,,,,,,,,35,https://uccle.monopinion.belgium.be/processes/budgetparticipatif2020?participatory_process_slug=budgetparticipatif2020,True,156,Protection du patrimoine naturel de Calevoet-Bourdon,"Elaboration d’un état des lieux et d’une expertise (scientifiques, naturalistes et paysagers) d’un ensemble de 3 biotopes complémentaires et indissociables: le marais du Keyembempt (en contrebas), le ruisseau du Geleytsbeek (au centre) et le Coba Pauwels (en bordure et en hauteur de la chaussée d’Alsemberg), en vue de procéder par la suite à la protection définitive de l’ensemble.
Le projet demanderait de subventionner des expertises et des  avis de terrain auprès d’organismes agréés, et ce sur une durée d’environ 1 an, pour suivre l'évolution des sites et leur interaction sur la vie de la faune durant les 4 saisons.
L'objectif final: la préservation officielle de cette zone verte",accepted,uccle-PROP-2020-10-457,,,,<p>Cette proposition a été retenue parce que :</p><p>La proposition respecte les critères du budget participatif et a été instruite par le service communal compétent pour analyser sa faisabilité et son coût.</p><p>Elle a été jugée réalisable et sera donc soumise au vote des Ucclois(e)s du 31 octobre au 29 novembre.</p>,,,4,0,0,0,,0,1,2020-10-09 18:26:51 +0200,https://uccle.monopinion.belgium.be/processes/budgetparticipatif2020/f/156/proposals/457,,
435,85.0,,,,Environnement- Développement durable,Milieu-Duurzame Ontwikkeling,,,,,,,,,35,https://uccle.monopinion.belgium.be/processes/budgetparticipatif2020?participatory_process_slug=budgetparticipatif2020,True,156,L'Outil-thèque de Uccle - des outils à portée de main,"J'aimerais proposer le projet d'une outil-thèque pour la commune d'Uccle. 
Le principe de base et simple est la mise à disposition en prêt d'outils sur le principe d'une cotisation mensuelle ou annuelle (20€ par an par exemple).
Ce type de service existe par des associations comme Tournevie ou des ateliers vélo ou des entreprises bruxelloises comme Usitoo.

Ces services sont encore restreints et finalement peu accessible à tout à chacun, en particulier sur la question de la proximité du service.

Ce service qui serait proposé au niveau de la commune, un peu comme sur le principe d'une bibliothèque ou de la vélothèque serait la mise à disposition d'outil par exemple pour le jardinage, pelles, râteau, souffleurs, broyeurs, petites tronçonneuses ou même outils pour les travaux à la maison, scie, scie sauteuses, foreuses, etc.
Ce genre d'outils n'est utilisé que quelques jours par an et parfois peu accessible car le coût peut être élevé de manière relative pour chacun de ses outils.",accepted,uccle-PROP-2020-09-435,,,,<p>Cette proposition a été retenue parce que :</p><p>La proposition respecte les critères du budget participatif et a été instruite par le service communal compétent pour analyser sa faisabilité et son coût.</p><p>Elle a été jugée réalisable et sera donc soumise au vote des Ucclois(e)s du 31 octobre au 29 novembre.</p>,,,3,0,0,0,uccle.monopinion.belgium.be/uploads/decidim/attachment/file/140/outilth%C3%A8que_uccle.docx,1,2,2020-09-07 19:41:16 +0200,https://uccle.monopinion.belgium.be/processes/budgetparticipatif2020/f/156/proposals/435,,
438,85.0,,,,Environnement- Développement durable,Milieu-Duurzame Ontwikkeling,,,,,,,,,35,https://uccle.monopinion.belgium.be/processes/budgetparticipatif2020?participatory_process_slug=budgetparticipatif2020,True,156,Réaménagement convivial et contemporain de la place Vander Elst,"La minéralité du centre ‘historique’ de la Commune d’Uccle et de la Place Vander Elst, la période du confinement, les différentes problématiques de mobilité, de travaux et d’environnement ont de nombreux effets négatifs sur la santé, le bien-être et le moral des riverains et de nos commerçants.
	 	Nous proposons de réinventer la place en un lieu de vie inter-générationnel avec des espaces ombragés et/ou de fraîcheur (e.g. jets d’eau pour enfant), des jeux pour enfants (modules), une piste de pétanque, des lieux d’agriculture urbaine et de convivialité pour se rencontrer, se reposer, apprendre et partager à l’échelle du quartier en favorisant une mobilité douce.
	La place devrait être repensée, en concertation  – idéalement par l’échevinat - pour répondre aux besoins des personnes à mobilité réduite, porteuses de handicap (e.g. visuel) et de chaque âge.

	Notre projet s’inspire des réalisations issues de la ‘Participation Citoyenne’ mises en oeuvre à Montréal.",accepted,uccle-PROP-2020-09-438,,,,<p>Cette proposition a été retenue parce que :</p><p>La proposition respecte les critères du budget participatif et a été instruite par le service communal compétent pour analyser sa faisabilité et son coût.</p><p>Elle a été jugée réalisable et sera donc soumise au vote des Ucclois(e)s du 31 octobre au 29 novembre.</p>,,,4,0,0,0,uccle.monopinion.belgium.be/uploads/decidim/attachment/file/127/Inspirations_R%C3%A9am%C3%A9nagements_Place_Vander_Elst.jpg,1,3,2020-09-14 11:17:17 +0200,https://uccle.monopinion.belgium.be/processes/budgetparticipatif2020/f/156/proposals/438,,
456,90.0,,,,Egalité des chances- Cohésion sociale,Gelijke Kansen-Sociale Samenhang,,,,,,,,,35,https://uccle.monopinion.belgium.be/processes/budgetparticipatif2020?participatory_process_slug=budgetparticipatif2020,True,156,Le Homborch se met au Vert,"Sur le Homborch, des habitants souhaitent faciliter les rencontres et échanges entre voisins, impulser une nouvelle dynamique.
Au lieu dit ""La grande plaine du Homborch"". 
Nous souhaiterions aménager l’espace en mettant:
6 grands bacs en hauteur (pour les PMR) à condiments, 
1 espace à plantes mellifères
1 hôtel à insectes.
Des arbres fruitiers à longues tiges
Des arbustes fruitiers (groseilles, framboisiers) pour les habitants et la faune locale
3 jeux supplémentaires à la ""plaine de jeu"" existante (elle ne contient actuellement qu'un toboggan)
1table de rencontre afin de faciliter les rencontres entre voisins.
2filets sur les goals du terrain de foot.

Ceci serait le premier jet d'un projet de ""Promenades fruitières"" imaginé par les habitants. Créer un partenariat avec 2écoles du quartier pour sensibiliser les jeunes à une meilleure connaissance de la nature et au respect des espaces verts.",accepted,uccle-PROP-2020-10-456,,,,<p>Cette proposition a été retenue parce que :</p><p>La proposition respecte les critères du budget participatif et a été instruite par le service communal compétent pour analyser sa faisabilité et son coût.</p><p>Elle a été jugée réalisable et sera donc soumise au vote des Ucclois(e)s du 31 octobre au 29 novembre.</p>,,,0,0,0,0,uccle.monopinion.belgium.be/uploads/decidim/attachment/file/158/Homborch_Budget_participatif_2020.pdf,1,0,2020-10-09 16:50:15 +0200,https://uccle.monopinion.belgium.be/processes/budgetparticipatif2020/f/156/proposals/456,,
440,85.0,,,,Environnement- Développement durable,Milieu-Duurzame Ontwikkeling,,,,,,,,,35,https://uccle.monopinion.belgium.be/processes/budgetparticipatif2020?participatory_process_slug=budgetparticipatif2020,True,156,Fleurir les rues,"Offrir aux habitants qui en font la demande, un bac à fleurs à poser sur le trottoir, devant la façade. Vous trouverez ci-dessous, une photo d'un bac fait maison. Le nombre de réactions positives, et la demande de voisins de pouvoir en acquérir un, m'ont poussé à vous proposer ce projet. La verdurisation en dehors de ses nombreux avantages écologiques, offrira une amélioration esthétique de nos artères. De plus, la nature donne une sensation d'apaisement bien nécessaire à nos rues stressantes. 
Par sa largeur de 25 cm, le bac proposé, est adapté aux trottoirs étroits. Le bac est profond de 45 cm, évitant un assèchement rapide de la terre.  
(Une option serait de pouvoir bénéficier d'un choix de plantes via le service de plantation de la commune)
Le bac proposé se trouve sur le site de BELIANI www.beliani.fr (Petit cache-pot 25 x 60 x 45 cm gris EDESSA). Le prix tourne aux alentours de 100,00 euros/pièce.",accepted,uccle-PROP-2020-09-440,,,,<p>Cette proposition a été retenue parce que :</p><p>La proposition respecte les critères du budget participatif et a été instruite par le service communal compétent pour analyser sa faisabilité et son coût.</p><p>Elle a été jugée réalisable et sera donc soumise au vote des Ucclois(e)s du 31 octobre au 29 novembre.</p>,,,2,0,0,0,uccle.monopinion.belgium.be/uploads/decidim/attachment/file/142/Rue.pdf,1,1,2020-09-22 12:05:30 +0200,https://uccle.monopinion.belgium.be/processes/budgetparticipatif2020/f/156/proposals/440,,
447,85.0,,,,Environnement- Développement durable,Milieu-Duurzame Ontwikkeling,,,,,,,,,35,https://uccle.monopinion.belgium.be/processes/budgetparticipatif2020?participatory_process_slug=budgetparticipatif2020,True,156,CO-COTTE le poulailler citoyen,"Réalisation d’un poulailler éco-citoyen : coopératif, écologique et durable, accessible à tous les ucclois.
Pour avoir une idée complète et détaillée de notre projet merci de voir la pièce jointe.",accepted,uccle-PROP-2020-10-447,,,,"<p>Cette proposition a été retenue parce que :</p><p>La proposition respecte les critères du budget participatif et a été instruite par le service communal compétent pour analyser sa faisabilité et son coût. Elle a été jugée réalisable et sera donc soumise au vote des Ucclois(e)s du 31 octobre au 29 novembre. </p><p>Cependant, suite à l'analyse de faisabilité technique des services compétents, la proposition a dû être adaptée : après étude, les services, avec l'accord de l'ASBL, ont proposé l'enceinte de la Ferme Rose comme lieu idéal pour ce projet. En effet, la suggestion du Parc Raspail pour accueillir ce projet n'est pas réalisable du fait que ce parc est classé et qu'il va faire l'objet d'un plan de réaménagement prochainement.&nbsp;</p>",,,4,0,0,0,uccle.monopinion.belgium.be/uploads/decidim/attachment/file/149/CO-COTTE_le_poulailler_citoyen.docx,1,1,2020-10-05 15:33:07 +0200,https://uccle.monopinion.belgium.be/processes/budgetparticipatif2020/f/156/proposals/447,,
442,81.0,,,,Jeunesse,Jeugd,,,,,,,,,35,https://uccle.monopinion.belgium.be/processes/budgetparticipatif2020?participatory_process_slug=budgetparticipatif2020,True,156,Création d'un Skate-Park à Uccle,"Bonjour à toutes et tous,

Cette proposition au budget participatif est issue d’un groupe d’adolescents de Uccle Centre. Celui-ci est publié par leurs parents car les projets ne sont recevables que si la personne qui le présente est âgé de plus de de 16 ans. Or il nous semblait important que la voix de nos plus jeunes soit portée également jusqu’aux instances communales dans le cadre de cet appel à projet.

Lisez leur projet en pièce jointe :)",accepted,uccle-PROP-2020-09-442,,,,"<p>Cette proposition a été retenue parce que :</p><p>la proposition respecte les critères du budget participatif et a été instruite par le service communal compétent pour analyser sa faisabilité et son coût. Elle a été jugée réalisable et sera donc soumise au vote des Ucclois(e)s du 31 octobre au 29 novembre. </p><p>Cependant, suite à l'analyse de faisabilité technique des services compétents, la proposition a dû être adaptée :&nbsp;en raison de leur similarité, les deux propositions "" Création d'un Skate-Park"" et "" Aménagement d'un espace vert pour les adolescents"" vont être fusionnées en un projet, mis en commun , intitulé "" Création d'un Skate-Park dans la Commune d'Uccle"". Ce projet pourra être réalisé dans un lieu à déterminer ultérieurement, accessible et à distance des habitations.&nbsp;</p>",,,9,0,0,0,uccle.monopinion.belgium.be/uploads/decidim/attachment/file/145/Skatepark_2.docx,1,2,2020-09-28 11:32:32 +0200,https://uccle.monopinion.belgium.be/processes/budgetparticipatif2020/f/156/proposals/442,,
462,76.0,,,,Mobilité-Voirie,Mobiliteit-Wegen,,,,,,,,,35,https://uccle.monopinion.belgium.be/processes/budgetparticipatif2020?participatory_process_slug=budgetparticipatif2020,True,156,"Le parc Fond'Roy et l'avenue d'Andrimont, verts, sûrs et cyclables","Poursuivre et réaliser un projet destiné à renforcer le caractère convivial d’une rue et d’un quartier, où ne manque principalement que la garantie de la sécurité des habitants.
Assurer par la transformation de l'Avenue d'Andrimont en ""rue aux jeux"", un espace de rencontre entre quartiers (Fond'Roy et Dollez).",accepted,uccle-PROP-2020-10-462,,,,"<p>Cette proposition a été retenue parce que :</p><p>La proposition respecte les critères du budget participatif et a été instruite par le service communal compétent pour analyser sa faisabilité et son coût. Elle a été jugée réalisable et sera donc soumise au vote des Ucclois(e)s du 31 octobre au 29 novembre.</p><p>Cependant, suite à l'analyse de faisabilité technique des services compétents, la proposition a dû être adaptée : l'installation de bacs, d'arbres, de plantes et l'exécution d'un marquage au sol pourra être réalisé sur la voierie. Toutefois, le statut de ""Rue au jeu"" ne pourra pas être intégré car ne rentre pas dans les critères du budget participatif et est par ailleurs déjà prévu par la Commune.&nbsp;</p>",,,11,0,0,0,uccle.monopinion.belgium.be/uploads/decidim/attachment/file/164/20201008-pr%C3%A9sentation.pdf,1,1,2020-10-12 09:59:49 +0200,https://uccle.monopinion.belgium.be/processes/budgetparticipatif2020/f/156/proposals/462,,
465,74.0,,,,Espaces verts,Groene Ruimten,,,,,,,,,35,https://uccle.monopinion.belgium.be/processes/budgetparticipatif2020?participatory_process_slug=budgetparticipatif2020,True,156,La promenade Vanderkindere - projet de verdurisation fonctionnelle,"La rue Vanderkindere devient la Promenade Vanderkindere ! 
Projet participatif de verdurisation fonctionnelle des tronçons de la rue avec une attention particulière pour les modes actifs et les PMR. Installation de mobilier urbain verdurisé en concertation avec les habitants. 

Et si.. tout au long de la promenade Vdk, il y avait du vert !

Né de l’envie d’un groupe de citoyens, ce projet donne de la place au vert dans la rue Vdk. Dans une dynamique de concertation citoyenne et d’actions participatives (habitants, enfants de la rue, personnes âgées habitant la maison de repos, commerçants…) de chaque tronçons, imaginons ensemble de la verdure dans notre rue.",accepted,uccle-PROP-2020-10-465,,,,"<p>Cette proposition a été retenue parce que :</p><p>La proposition respecte les critères du budget participatif et a été instruite par le service communal compétent pour analyser sa faisabilité et son coût. Elle a été jugée réalisable et sera donc soumise au vote des Ucclois(e)s du 31 octobre au 29 novembre.</p><p>Cependant, suite à l'analyse de faisabilité technique des services compétents, la proposition a dû être adaptée : dans le cadre du budget participatif, seule la demande de parcours et signalétique patrimoniale est prise en compte et retenue. En effet, une partie des demandes relèvent de dépenses prévues dans le cadre d'un projet qui sera réalisé&nbsp;en 2021 de réaménagement des carrefours de la rue Vanderkindere (entre Waterloo et Marianne) qui s’inscrit dans le cadre du permis « ICR » et prévoit la plantations de +/-40 arbres. D’autres zones vertes seront également aménagées . Les endroits seront déterminés en accord avec le service vert de la commune. La plantation des arbres est cependant sous réserve des différents câbles et conduites qui pourraient se trouver dans le sous-sol.&nbsp;Une analyse approfondie sera faite et des fouilles seront également effectuées lors des travaux. Des arceaux vélos sont prévus aux différents carrefours &amp; de nouveaux boxes vélos à proximité de l’axe Vanderkindere en 2021. Cette partie du projet est donc déjà prévue et prise en compte dans le budget communal.&nbsp;</p>",,,2,0,0,0,uccle.monopinion.belgium.be/uploads/decidim/attachment/file/159/Promenade_vdk_-_projet_de_verdurisation_fonctionnelle.pdf,1,0,2020-10-12 12:59:14 +0200,https://uccle.monopinion.belgium.be/processes/budgetparticipatif2020/f/156/proposals/465,,
446,74.0,,,,Espaces verts,Groene Ruimten,,,,,,,,,35,https://uccle.monopinion.belgium.be/processes/budgetparticipatif2020?participatory_process_slug=budgetparticipatif2020,True,156,Aménagement d'un espace vert avec et pour les adolescents,"Notre commune, et en particulier le quartier Calevoet, manque d'espaces publics de détente et convivialité adaptés aux jeunes de 10-15 ans. Il est indispensable que les adolescents bénéficient d’espaces où ils peuvent se défouler physiquement. L'idée serait d'aménager un lieu en extérieur où des jeunes pourront se réunir et pratiquer des sports ou activités physiques en utilisant: modules skate en bois; panier/terrain de basket; mur ou appareils d’escalade; infrastructure Street Workout. Nous avons identifié un terrain rue Égide van Ophem qui nous semble adapté. Ce terrain est idéalement situé a côté du chemin de fer avec peu de riverains en directe proximité. Il est en face du centre culturel Het Huys (qui organiserait des activités en profitant du terrain) et en proximité de l’École de Calevoet et l’École Active. Engager les jeunes du quartier dans le développement du projet est fondamental pour assurer un bon usage de l’espace et participe à la volonté de les responsabiliser.",accepted,uccle-PROP-2020-10-446,,,,"<p>Cette proposition a été retenue parce que :</p><p>la proposition respecte les critères du budget participatif et a été instruite par le service communal compétent pour analyser sa faisabilité et son coût. Elle a été jugée réalisable et sera donc soumise au vote des Ucclois(e)s du 31 octobre au 29 novembre. </p><p>Cependant, suite à l'analyse de faisabilité technique des services compétents, la proposition a dû être adaptée :&nbsp;en raison de leur similarité, les deux propositions "" Création d'un Skate-Park"" et "" Aménagement d'un espace vert pour les adolescents"" vont être fusionnées en un projet, mis en commun , intitulé "" Création d'un Skate-Park dans la Commune d'Uccle"". Ce projet pourra être réalisé dans un lieu à déterminer ultérieurement, accessible et à distance des habitations.&nbsp;</p>",,,4,0,0,0,uccle.monopinion.belgium.be/uploads/decidim/attachment/file/146/Skatepark_photos.pdf,1,1,2020-10-02 15:46:45 +0200,https://uccle.monopinion.belgium.be/processes/budgetparticipatif2020/f/156/proposals/446,,
454,82.0,,,,Sports,Sport,,,,,,,,,35,https://uccle.monopinion.belgium.be/processes/budgetparticipatif2020?participatory_process_slug=budgetparticipatif2020,True,156,SPORTS DE PLEIN AIR (dans l'Avenue du Prince de Ligne),"Le projet consiste en l’installation un court de paddle-tennis, un terrain de pétanque et des équipements de fitness en plein air dans l’avenue du Prince de Ligne, dans le parking en face du numéro 56 sur l'avenue du Prince de Ligne.

Les adolescents, jeunes et adultes disposent de très peu d'espaces extérieurs pour pratiquer le sport. La pétanque et le paddle-tennis sont des sports très populaires en Belgique. De plus, les machines de fitness ont connu un grand essor ces dernières années dans toutes les villes européennes.
Promouvoir le sport, c'est promouvoir un mode de vie sain chez les jeunes et les adultes.
Ce sera également un espace de rencontre, qui favorisera la socialisation des jeunes et des adultes d'Uccle, à travers un loisir alternatif sain et la construction de relations positives entre les habitants d'Uccle. C'est un espace où vous pouvez rencontrer des jeunes et des personnes âgées, forger de bonnes relations intergénérationnelles.",accepted,uccle-PROP-2020-10-454,,,,"<p>Cette proposition a été retenue parce que :</p><p>La proposition respecte les critères du budget participatif et a été instruite par le service communal compétent pour analyser sa faisabilité et son coût. Elle a été jugée réalisable et sera donc soumise au vote des Ucclois(e)s du 31 octobre au 29 novembre. </p><p>Toutefois, suite à l'analyse de faisabilité technique des services compétents, la proposition a dû être adaptée : la superficie du terrain et son usage (parking) qui pourrait se développer dans les années à venir permet de réaliser uniquement l'installation d'engins de musculation. Cependant, le projet de pétanque sera intégré dans la réflexion menée autour des futurs aménagements&nbsp;de la place Saint Job et de ses alentours.</p>",,,2,0,0,0,uccle.monopinion.belgium.be/uploads/decidim/attachment/file/157/Sports_de_plein_air.docx,1,1,2020-10-09 13:29:24 +0200,https://uccle.monopinion.belgium.be/processes/budgetparticipatif2020/f/156/proposals/454,,
467,80.0,,,,Culture,Cultuur,,,,,,,,,35,https://uccle.monopinion.belgium.be/processes/budgetparticipatif2020?participatory_process_slug=budgetparticipatif2020,True,156,"ARTE1180: L’art contemporain Ucclois VA vers les citoyen(ne)s, dans TOUS les quartiers d’Uccle.","1. Aménagements pour présenter des expositions dans des
bâtiments communaux existants – par ex: dans des espaces de
vie & lieux surtout fréquentés naturellement par les citoyen(ne)s.
Ex: les 2 maisons communales, lieux culturels,…

2. Expositions innovantes, dans l’espace public, par ex. dans
des “cubes en verre” pour présenter, chaque mois, des œuvres
de différent(e)s plasticien(ne)s Ucclois(e)s contemporain(e)s
- Ces cubes durables, éventuellement mobiles pourraient êtres
disposés dans les parcs, sur les places…

3. Aménagement & mise à disposition - d’un atelier collectif &/ou individuels favorisant la création des artistes plasticien(ne)s Ucclois(e)s.

4. Aménagement & mise à disposition d’un ou plusieurs lieux de
rencontres favorisant les échanges d’idées avec les acteurs
culturels de Bruxelles, les artistes & les citoyen(ne)s pour le
développements & le soutien de la création artistique libre.",accepted,uccle-PROP-2020-10-467,,,,"<p>Cette proposition a été retenue parce que :</p><p>La proposition respecte les critères du budget participatif et a été instruite par le service communal compétent pour analyser sa faisabilité et son coût. Elle a été jugée réalisable et sera donc soumis au vote des Ucclois(e)s du 31 octobre au 29 novembre.</p><p>Cependant, suite à l'analyse de faisabilité technique des services compétents, la proposition a dû être adaptée : dans le volet ""Exposition dans l'espace public"", la demande de cubes en verre occasionne un entretien technique trop important et il est proposé de les remplacer par l'installation de structures métalliques avec&nbsp;reproduction des œuvres sur bâches, l'ajout de cimaises dans les bâtiments publics non pourvus est retenu. </p><p>Les autres volets ne rentrent pas dans le cadre du budget participatif. Toutefois, pour le volet "" Lieu de rencontres pour les artistes"", les locaux de la Ferme Rose pourront être mis à disposition régulièrement, également pour des expositions et des résidences d'artiste. Pour le volet ""Ateliers d'artistes"", les services de la commune explorent des pistes de mise à disposition temporaire d'espaces.</p>",,,0,0,0,0,uccle.monopinion.belgium.be/uploads/decidim/attachment/file/166/_ARTE1180.pdf,1,0,2020-10-13 09:40:41 +0200,https://uccle.monopinion.belgium.be/processes/budgetparticipatif2020/f/156/proposals/467,,
443,76.0,,,,Mobilité-Voirie,Mobiliteit-Wegen,,,,,,,,,35,https://uccle.monopinion.belgium.be/processes/budgetparticipatif2020?participatory_process_slug=budgetparticipatif2020,True,156,Mise en place de Bacs à fleurs « chicanes » dans l’avenue du Prince de Ligne,"Installation de « bacs à fleurs – chicanes » des deux cotés de l’avenue du Prince de Ligne, en alternance. Il s’agit de disposer 3 bacs à fleurs de chaque côté de la rue - soit 6 bacs en tout- entre le carrefour Ligne-Beloeil et l’arrivée sur la place Saint-Job.

Le premier objectif concerne la sécurité et une mobilité apaisée :
•	Avec la diminution de la vitesse maximale à 30 km/h en janvier 2021, il faut que cette limite soit respectée dans l’avenue du Prince de Ligne qui est très large, très rectiligne et en légère pente. 
•	L’installation de nombreuses familles avec de jeunes enfants qui de déplacent à pied et à vélo pour aller à l’école renforce les enjeux de sécurité, car les voitures roulent souvent au-dessus de 50 km/h.
•	Ce projet comprend aussi un flocage de « logo vélos » sur les 2 voies.

Le deuxième objectif est d’ordre ornemental et il vise à faire transition avec l’arrivée sur la place Saint-Job

Un photo montage présente une vue possible de ce projet réalisé.",accepted,uccle-PROP-2020-09-443,,,,"<p>Cette proposition a été retenue parce que :</p><p>La proposition respecte les critères du budget participatif et a été instruite par le service communal compétent pour analyser sa faisabilité et son coût. Elle a été jugée réalisable et sera donc soumise au vote des Ucclois(e)s du 31 octobre au 29 novembre.</p><p>Cependant cette proposition a dû être adaptée suite à l'analyse de faisabilité technique des services compétents: dans le cadre du budget participatif et de ce projet, il sera possible de placer six coussins berlinois. En effet, le placement de bacs en voirie n’est pas réalisable sur l’avenue du Prince de Ligne en raison du passage de la ligne 124 des TEC.&nbsp;La largeur de la voirie ne peut dès lors être revue à la baisse. De plus, la Commune a prévu l'installation de chevrons pour vélos et l'exécution d'un marquage au sol dans le courant 2021.&nbsp;</p>",,,0,0,0,0,uccle.monopinion.belgium.be/uploads/decidim/attachment/file/147/Mise_en_place_de_bacs_a%CC%80_fleurs.docx,1,0,2020-09-28 14:50:03 +0200,https://uccle.monopinion.belgium.be/processes/budgetparticipatif2020/f/156/proposals/443,,
428,85.0,,,,Environnement- Développement durable,Milieu-Duurzame Ontwikkeling,,,,,,,,,35,https://uccle.monopinion.belgium.be/processes/budgetparticipatif2020?participatory_process_slug=budgetparticipatif2020,True,156,PERENNISATION et DEVELOPPEMENT  du C.Q. COMPOSTALLE,"Mise en place des achats faits sur appel à projet ""INSPIRONS LE QUARTIER"" de Bruxelles-Environnement, fourniture terre arable, protection contre pollution SNCB, petits poteaux (potelés) à placer pour protection trottoir.",rejected,uccle-PROP-2020-07-428,,,,"<p>Cette proposition n'a pas été retenue parce que :</p><p>La proposition n'est pas recevable dans le cadre du budget participatif car elle n'a pas été portée par un groupement de minimum 5 Ucclois(es), âgés de minimum 16 ans tel qu'indiqué dans les conditions de recevabilité du règlement du budget participatif 2020. Par ailleurs, il ne s'agit pas d'une dépense d'investissement.</p>",,,0,0,0,0,uccle.monopinion.belgium.be/uploads/decidim/attachment/file/129/Demande_collaboration_Adm._Communale_Uccle_Q._.pdf,1,1,2020-07-10 17:54:59 +0200,https://uccle.monopinion.belgium.be/processes/budgetparticipatif2020/f/156/proposals/428,,
464,76.0,,,,Mobilité-Voirie,Mobiliteit-Wegen,,,,,,,,,35,https://uccle.monopinion.belgium.be/processes/budgetparticipatif2020?participatory_process_slug=budgetparticipatif2020,True,156,Passerelle pont Carsoel vers la place St Job,"Le pont au dessus du chemin de fer qui mène de l'av JP Carsoel vers la place Saint Job est fort étriqué. L'aménagement actuel est particulièrement insécure surtout vis-à-vis des piétons (trottoir trop exigus compte tenu du taux de passage surtout aux heures de début et de fin d'école) et également des cyclistes (absence de jonction à ce niveau entre les sites cyclables, présence de rails de tram, congestion automobile +++ aux heures de pointes, stationnement sauvage,...).  Tous ces éléments rendent cet endroit particulièrement dangereux et mal adapté.
Notre suggestion consisterait en l’aménagement d'une passerelle attenante au pont existant qui serait dédié au passage des piétons et cyclistes de manière sécurisée par rapport au trafic.  Au vu de la topographie des lieux, ce genre de structure semble tout-à-fait envisageable et pourrait offrir pour un coût limité une situation plus confortable et plus sécuritaire aux nombreux usagers de ce noeud stratégique.",rejected,uccle-PROP-2020-10-464,,,,"<p>Cette proposition n'a pas été retenue parce que :</p><p>La proposition n'est pas retenue dans le cadre du Budget participatif 2020 car les services communaux compétents ont estimé le coût de ce projet à un montant très supérieur à l'enveloppe totale du Budget participatif 2020 de 50.000 euros. </p><p>Par ailleurs, un projet de nouvelle passerelle porté par Infrabel existe et prévoit la construction d’un nouveau pont en béton armé au-dessus de la ligne de chemin de fer 26 et des quais de la gare d’Uccle Saint-Job, en ce compris les culées et les raccordements avec les voiries. Ce projet replace les modes actifs (piétons, PMR, vélos) au cœur de l’aménagement du pont. L’étude d’incidence est bouclée et une enquête publique sera lancée ultérieurement&nbsp;afin de permettre aux citoyens de s’exprimer sur ce projet.</p><p><br></p>",,,0,0,0,0,uccle.monopinion.belgium.be/uploads/decidim/attachment/file/161/Projet_passerelle_pont_Carsoel_vers_la_place_St_Job.docx,1,0,2020-10-12 11:28:41 +0200,https://uccle.monopinion.belgium.be/processes/budgetparticipatif2020/f/156/proposals/464,,
463,,,,,,,,,,,,,,,35,https://uccle.monopinion.belgium.be/processes/budgetparticipatif2020?participatory_process_slug=budgetparticipatif2020,True,156,Ramassage scolaire,"Uccle compte de nombreuses écoles qui sont pour beaucoup très rapprochées d'un point de vue géographique ce qui crée au quotidien de nombreux embarras de circulation aux heures de début et de fin de cours.   Notre proposition consiste à proposer un service de ramassage scolaire tout réseau confondu qui serait le plus efficient possible compte tenu du lieu de résidence, des écoles de destinations et de l'itinéraire à prévoir.  Nous croyons qu'un système performant permettrait d'avoir un réel impact sur la congestion automobile aux abords des écoles lors des entrées et sorties.  Un tel dispositif serait une réel plus en terme de mobilité, de pollution, de sécurité aux abords des écoles, de convivialité et une opportunité de création d'emploi.",rejected,uccle-PROP-2020-10-463,,,,"<p>Cette proposition n'a pas été retenue parce que :</p><p>La proposition n'est pas recevable dans le cadre du Budget participatif car les services communaux compétents ont estimé le coût de ce projet à une somme supérieure à 50.000 euros. De plus, une telle initiative n'est pas du ressort de la commune mais pourrait être organisée par les écoles mêmes avec les associations de parents.</p>",,,0,0,0,0,,0,0,2020-10-12 11:27:40 +0200,https://uccle.monopinion.belgium.be/processes/budgetparticipatif2020/f/156/proposals/463,,
459,85.0,,,,Environnement- Développement durable,Milieu-Duurzame Ontwikkeling,,,,,,,,,35,https://uccle.monopinion.belgium.be/processes/budgetparticipatif2020?participatory_process_slug=budgetparticipatif2020,True,156,Cavell Comestible,"Notre projet est de travailler ensemble avec les habitants volontaires du quartier Cavell – Lotz à la création d’un jardin de rue comestible.
L’objectif est de travailler (et se former) ensemble, augmenter le lien social dans le quartier et de créer un jardin qui verdurise et embelli l’espace public avec des plantes comestibles à disposition de toute la communauté",rejected,uccle-PROP-2020-10-459,,,,"<p>Cette proposition n'a pas été retenue parce que :</p><p>La proposition n'est pas recevable dans le cadre du budget participatif car elle n'a pas été portée par un groupement de minimum 5 Ucclois(es), âgés de minimum 16 ans tel qu'indiqué dans les conditions de recevabilité du règlement du budget participatif 2020.</p>",,,0,0,0,0,,0,0,2020-10-11 12:35:57 +0200,https://uccle.monopinion.belgium.be/processes/budgetparticipatif2020/f/156/proposals/459,,
461,85.0,,,,Environnement- Développement durable,Milieu-Duurzame Ontwikkeling,,,,,,,,,35,https://uccle.monopinion.belgium.be/processes/budgetparticipatif2020?participatory_process_slug=budgetparticipatif2020,True,156,Un « Four pas banal » ,"Projet: construction d’un four à bois pour pains, pizzas, tartes…
Qui : Comité de quartier de la Vallée du Linkebeek.
Où : Sur le site de l’Étang de pèche rue de Linkebeek.

Pourquoi dans notre rue ?
Nous avons la chance d’avoir dans la rue un moulin à grains toujours en état de fonctionner et un super boulanger prêt à venir mettre la main à la pâte avec nous!
La Vallée du Linkebeek qui regroupe 400 riverains de conditions sociales, d’âges et de cultures différentes.

Les objectifs du projets :
Un lieu de rassemblement, de LIENS pour les riverains et tous ceux qui souhaitent se joindre au projet : en somme devenir « co-pains ».
Un lieu d’échanges, de partage d’un savoir-faire, de connaissances :
ouvert et géré collectivement par le comité de quartier.

Ce ""Four pas Banal"", première pierre d’un projet plus vaste, comporterait un espace chaleureux pour cuisiner nos mets avec les légumes des potagers voisins… avec un accès à une eau vivante pour la fabrication du pain.",accepted,uccle-PROP-2020-10-461,,,,<p>Cette proposition a été retenue parce que :</p><p>La proposition respecte les critères du budget participatif et a été instruite par le service communal compétent pour analyser sa faisabilité et son coût.</p><p>Elle a été jugée réalisable et sera donc soumise au vote des Ucclois(e)s du 31 octobre au 29 novembre.</p>,,,0,0,0,0,uccle.monopinion.belgium.be/uploads/decidim/attachment/file/163/Four_a%CC%80_pains-texte_explicatif.pdf,1,0,2020-10-11 17:30:22 +0200,https://uccle.monopinion.belgium.be/processes/budgetparticipatif2020/f/156/proposals/461,,
460,85.0,,,,Environnement- Développement durable,Milieu-Duurzame Ontwikkeling,,,,,,,,,35,https://uccle.monopinion.belgium.be/processes/budgetparticipatif2020?participatory_process_slug=budgetparticipatif2020,True,156,Une EAU pure pour TOUS !,"Projet : un puits artésien
Porteur du projet : le comité de quartier de la vallée du Linkebeek
Où : Étang de pêche rue de linkebeek qui regorge déjà de sources
Objectif :
bénéficier d’une eau pure et vivante, à savourer dans un lieu convivial, de partage et de don !
Notre projet de « four pas banal » à l’étang de pêche serait ainsi enrichi d’une eau de qualité lors de la fabrication du pain.
Comment :
Trouver une nappe phréatique avec un sourcier.
Réaliser un forage avec un puisatier, c’est à dire capter directement l’eau d’une nappe dite profonde et profiter d’une source d’eau propre et sécurisée qui ne contient pas de chlore, ni de produits chimiques, ni de perturbateurs endocriniens. Le puits artésien ne nécessite aucune pompe à eau pour fonctionner.

voir lien :
https://france3-regions.francetvinfo.fr/paris-ile-de-france/paris/paris-fontaine-butte-aux-cailles-tresor-eau-1505999.html

A Paris il existe 3 puits artésiens offrant une eau pure et gratuite.",rejected,uccle-PROP-2020-10-460,,,,"<p>Cette proposition n'a pas été retenue parce que :</p><p>La proposition n'est pas retenue dans le cadre du budget participatif car le site de l'Etang de pêche mentionné dans cette proposition fait l'objet d'un projet communal de réaménagement&nbsp;jusqu'en 2021. La Commune ne peut garantir que le site puisse être ouvert au public au terme de ces travaux. De plus, le ruisseau a été souillé depuis plusieurs décennies par des eaux usées prévenant de l’amont. Cette situation se règle progressivement suite à la mise en place du collecteur dans ce secteur mais aucune analyse de la qualité des eaux n’a été effectuée à ce moment, et compte tenu de l’effet de sédimentation le Service Environnement ne peut que fortement déconseiller l’utilisation de cette eau à des fins alimentaires.</p>",,,0,0,0,0,uccle.monopinion.belgium.be/uploads/decidim/attachment/file/162/PROJET_EAU.pdf,1,0,2020-10-11 17:27:09 +0200,https://uccle.monopinion.belgium.be/processes/budgetparticipatif2020/f/156/proposals/460,,
434,80.0,,,,Culture,Cultuur,,,,,,,,,35,https://uccle.monopinion.belgium.be/processes/budgetparticipatif2020?participatory_process_slug=budgetparticipatif2020,True,156,Musical Visit Uccle,"Musical Visit Brussels a 3 ingrédients : histoire, musique et rencontres. C’est une découverte musicale de Bruxelles. Nous invitons les visiteurs à ""se décaler"", à comprendre la ville et ce qu’elle resselle. Nous parcourrons les rues pour raconter le Bruxelles disparu (Où était l’ex-palais de Justice? Qu’y avait-il sur la place Debrouckère dans les années 50 ?), le Bruxelles du crime (savez-vous que le 1er portrait judiciaire a été réalisé à ici ?), le Bruxelles du métro… Le public peut être les bruxellois, les touristes (visites anglais-français), les élèves du secondaire, les étudiants.
Pour Uccle, c’est le même principe. Deux sont prêtes (quartier Saint-Job et Carré Tillens) et nous aimerions en créer d'autres. L'histoire d'Uccle, son nom, ses origines, ses châteaux d'antan, ses ruisseaux ont des choses à nous dire. Nous aimerions en faire profiter les gens. Les quartiers que nous aimerions faire découvrir sont le centre d’Uccle, la Bascule, Calevoet, Stalle (e.a.)",rejected,uccle-PROP-2020-09-434,,,,"<p>Cette proposition n'a pas été retenue parce que :</p><p>La proposition n'est pas recevable dans le cadre du budget participatif car elle n'a pas été portée par un groupement de minimum 5 Ucclois(es), âgés de minimum 16 ans tel qu'indiqué dans les conditions de recevabilité du règlement du budget participatif 2020. &nbsp;Par ailleurs, il ne s'agit pas d'une dépense d'investissement.</p>",,,0,0,0,0,uccle.monopinion.belgium.be/uploads/decidim/attachment/file/139/21.png,1,0,2020-09-07 17:36:13 +0200,https://uccle.monopinion.belgium.be/processes/budgetparticipatif2020/f/156/proposals/434,,
429,83.0,,,,Santé,Gezondheid,,,,,,,,,35,https://uccle.monopinion.belgium.be/processes/budgetparticipatif2020?participatory_process_slug=budgetparticipatif2020,True,156,"Ensemble, luttons contre la démence.","La démence représente un coût sociétal extrêmement lourd pour les sociétés actuelles et futures tant dans ses aspects socio-économiques que sociofamiliaux.

Dépister précocement les facteurs de risques et les corriger permet d’avoir un impact décisif sur l’évolution torpide des processus dégénératifs des fonctions mentales.

•	Recommandations de l’OMS :
Prévention des maladies chroniques : un investissement vital
Prendre les premières mesures
Chaque pays, quel que soit le niveau de ses ressources, a la possibilité d’améliorer sensiblement la prévention et la maîtrise des maladies chroniques et de prendre des mesures en vue d’atteindre l’objectif mondial. Des ressources sont nécessaires, mais on peut faire beaucoup de choses à très peu de frais, et les bienfaits que l’on en tirera l’emportent de loin sur les coûts. Pour cela, une instance dirigeante est essentielle et aura beaucoup plus d’effet qu’une simple adjonction de capitaux à des systèmes de santé déjà surchargés.",rejected,uccle-PROP-2020-07-429,,,,"<p>Cette proposition n'a pas été retenue parce que :</p><p>La proposition n'est pas recevable dans le cadre du budget participatif car elle n'a pas été portée par un groupement de minimum 5 Ucclois(es), âgés de minimum 16 ans tel qu'indiqué dans les conditions de recevabilité du règlement du budget participatif 2020.</p>",,,0,0,0,0,,0,1,2020-07-10 21:19:28 +0200,https://uccle.monopinion.belgium.be/processes/budgetparticipatif2020/f/156/proposals/429,,
455,88.0,,,,Enseignement,Onderwijs,,,,,,,,,35,https://uccle.monopinion.belgium.be/processes/budgetparticipatif2020?participatory_process_slug=budgetparticipatif2020,True,156,La Communication non violente : CNV,"Nous vivons dans une société de plus en plus stressée, agressive, multiculturelle, repli sur soi, égoïste, sans empathie. Si, à Uccle, nous éduquons à la CNV nos enfants depuis leurs plus jeunes âges (en français ou en néerlandais), nous récolterons les fruits de cette dernière lorsque ceux-ci seront adultes. La CNV peut être imposée aux personnes qui ont été jugées pour fait de violences.",rejected,uccle-PROP-2020-10-455,,,,"<p>Cette proposition n'a pas été retenue parce que :</p><p>La proposition n'est pas retenue dans le cadre du budget participatif car un projet similaire, intitulé "" Gestion de la violence visible et invisible à l'école"" et financé par la Fédération Wallonie-Bruxelles, est déjà mis en œuvre dans les écoles communales uccloises. Le service de l'enseignement ne peut intervenir dans les projets pédagogiques des écoles pour lesquelles elle n'est pas le pouvoir organisateur.</p>",,,0,0,0,0,,0,0,2020-10-09 16:34:23 +0200,https://uccle.monopinion.belgium.be/processes/budgetparticipatif2020/f/156/proposals/455,,
452,85.0,,,,Environnement- Développement durable,Milieu-Duurzame Ontwikkeling,,,,,,,,,35,https://uccle.monopinion.belgium.be/processes/budgetparticipatif2020?participatory_process_slug=budgetparticipatif2020,True,156,Réaménagement du Chemin Du Delleweg en Parc Lineare,"Tout comme le Crabbegat ou le chemin du Château d'eau, le Chemin De Delleweg est un des derniers vestiges de l'ancien réseau vicinal ucclois. Il est presque entièrement pavé et présente une végétation remarquable: tilleuls, charmes, merisiers, érables sycomores, sureaux, noisetiers, houx, robiniers, marronniers...
Il offre un merveilleux potentiel au quartier, à la fois en termes d'accessibilité à pied (relier Uccle Centre à la Chaussée de Stalle), mais aussi comme espaces de verdure et promenade. Et pourtant il est fermé depuis des années à cause des mauvaises conditions du chemin, et parce qu'il semble être une source d'insécurité pour les magasins et les habitations à proximité.
Nous proposons un projet de réouverture du chemin et de sa transformation en petit ""parc linéaire"", en continuation du Parc Raspail récemment rouvert. Il faudrait, en particulier, le réaménager et prendre toutes les mesures nécessaires pour le rendre sûr (ex. grilles fermées la nuit, éclairage, caméra...)",rejected,uccle-PROP-2020-10-452,,,,<p>Cette proposition n'a pas été retenue parce que :</p><p>La proposition n'est pas retenue dans le cadre du Budget participatif car les services communaux compétents ont estimé le coût de ce projet à un montant très supérieur à l'enveloppe totale du Budget participatif 2020 de 50.000 euros.</p>,,,0,0,0,0,uccle.monopinion.belgium.be/uploads/decidim/attachment/file/155/phpThumb.jpg,1,1,2020-10-06 21:53:05 +0200,https://uccle.monopinion.belgium.be/processes/budgetparticipatif2020/f/156/proposals/452,,
451,74.0,,,,Espaces verts,Groene Ruimten,,,,,,,,,35,https://uccle.monopinion.belgium.be/processes/budgetparticipatif2020?participatory_process_slug=budgetparticipatif2020,True,156,Une plaine de jeux dans le bois du Keyenbempt,"Une plaine de jeux dans le bois du Keyenbempt, même petite, ferait le bonheur des enfants pendant une pause lors d'une sortie en promenade dans le bois.",rejected,uccle-PROP-2020-10-451,,,,"<p>Cette proposition n'a pas été retenue parce que :</p><p>La proposition n'est pas recevable dans le cadre du Budget participatif car la gestion du Bois du Keyenbempt est du ressort de la Région (IBGE) et non de la commune, qui ne peut donc y réaliser des dépenses d'investissement. Toutefois, cette proposition sera transmise à Bruxelles Environnement.</p>",,,0,0,0,0,,0,0,2020-10-06 20:48:51 +0200,https://uccle.monopinion.belgium.be/processes/budgetparticipatif2020/f/156/proposals/451,,
449,81.0,,,,Jeunesse,Jeugd,,,,,,,,,35,https://uccle.monopinion.belgium.be/processes/budgetparticipatif2020?participatory_process_slug=budgetparticipatif2020,True,156,Un local de rencontre : repair café spécialisé vélo et vélothèque,"Le Mouvement de Jeunesse du Rosaire (250 jeunes entre 6 et 25 ans) souhaite réaménager le Local d'Unité afin de créer un nouvel espace de rencontre pour revitaliser le quartier au bénéfice du Mouvement, de la Paroisse et des... cyclistes!
Le local sera utilisé de deux manières:
- Un repair café spécialisé dans la réparation et la location de vélos pour la communauté des parents, des paroissiens et des habitants du quartier
- Un lieu d'accueil simple mais '""cool"" pour réaliser régulièrement des ateliers sur des sujets culturel ou d'actualité qui seront proposés par les jeunes et ouverts/adressés à différents types de public.

Il s'agit d'un projet ancré dans l'ADN de l'Unité (renommée pour ses exploits à l'occasion des 24h vélo du bois de la Cambre) et qui engage nos chefs passionnés et compétents en mécanique de réparation.
Où? Dans le Local d'Unité un espace de +/- 50m2, avec accès direct sur le parking privé de l'Eglise Notre Dame du Rosaire.",rejected,uccle-PROP-2020-10-449,,,,<p>Cette proposition n'a pas été retenue parce que :</p><p>La proposition n'est pas recevable dans le cadre du Budget participatif car les services communaux ne sont pas compétents dans la réhabilitation de bâtiments non-communaux.&nbsp;</p>,,,0,0,0,0,uccle.monopinion.belgium.be/uploads/decidim/attachment/file/154/Projet_Local_d_Unit%C3%A9_6.10.20.pdf,1,0,2020-10-06 01:01:10 +0200,https://uccle.monopinion.belgium.be/processes/budgetparticipatif2020/f/156/proposals/449,,
439,85.0,,,,Environnement- Développement durable,Milieu-Duurzame Ontwikkeling,,,,,,,,,35,https://uccle.monopinion.belgium.be/processes/budgetparticipatif2020?participatory_process_slug=budgetparticipatif2020,True,156,Verdurisation de la rue Vanderkindere,"Plantation d'arbres le long de la rue Vanderkindere pour la rendre plus verte, plus attrayante et la rafraîchir l'été. Il pourrait s'agir de cerisiers du Japon, comme dans certaines rues de Boitsfort, qui au printemps font le bonheur de leurs riverains.",rejected,uccle-PROP-2020-09-439,,,,<p>Cette proposition n'a pas été retenue parce que :</p><p>La proposition n'est pas retenue dans le cadre du budget participatif car un projet prévu&nbsp;en 2021 de réaménagement des carrefours de la rue Vanderkindere s'inscrivant dans le cadre du permis « ICR » y prévoit la plantations de +/-40 arbres.</p>,,,0,0,0,0,,0,1,2020-09-18 13:15:18 +0200,https://uccle.monopinion.belgium.be/processes/budgetparticipatif2020/f/156/proposals/439,,
436,79.0,,,,Solidarité internationale,Internationale Solidariteit,,,,,,,,,35,https://uccle.monopinion.belgium.be/processes/budgetparticipatif2020?participatory_process_slug=budgetparticipatif2020,True,156,Education à la Citoyenneté et à la Solidarité Internationale ,"Uccle est une commune bruxelloise ouverte sur le monde et travaille à réduire les Inégalités sociales en Belgique et ailleurs. Notre asbl New Kiskeya Decoste (Belgo-Haïtienne) prend à coeur les ODD et l'Accord sur le Climat à Paris en 2015 (COP 21). Dans cette perspective et dans le cadre de la transition écologique et solidaire, nous voulons créer des ponts entre les peuples via la culture, faciliter le Vivre ensemble, informer le public Ucclois sur les projets citoyens participatifs que nous menons « Belgique / Haïti » et sur notre stratégie :promouvoir la diversité, le Commerce équitable et la transition écologique et solidaire.Nous proposons : -des films débats,brainstorming sur les ODD,Expo sur la peinture naïve haïtienne,Contes éducatifs et interactifs,Cafés littéraires sur les grands écrivains haïtiens et l’histoire d’Haiti, Journal «Nouvel Lakay – Belgique/Haïti»,Apéro solidaire (gastronomie créole),Réalisation des ODD participatifs citoyens « Belgique/Haïti ».",rejected,uccle-PROP-2020-09-436,,,,<p>Cette proposition n'a pas été retenue parce que :</p><p>La proposition n'est pas recevable  car elle concerne des dépenses de fonctionnement or le budget participatif 2020 ne porte que sur des dépenses d'investissement.</p>,,,0,0,0,0,,0,0,2020-09-09 17:03:46 +0200,https://uccle.monopinion.belgium.be/processes/budgetparticipatif2020/f/156/proposals/436,,
431,78.0,,,,Logement-Urbanisme,Huisvesting-Stedenbouw,,,,,,,,,35,https://uccle.monopinion.belgium.be/processes/budgetparticipatif2020?participatory_process_slug=budgetparticipatif2020,True,156,"Toit vert, écologie, rue des trois arbres","Végétaliser le toit du garage de la croix rouge, rue des Trois Arbres",rejected,uccle-PROP-2020-08-431,,,,"<p>Cette proposition n'a pas été retenue parce que :</p><p>La proposition n'est pas recevable dans le cadre du budget participatif car elle n'a pas été portée par un groupement de minimum 5 Ucclois(es), âgés de minimum 16 ans tel qu'indiqué dans les conditions de recevabilité du règlement du budget participatif 2020. Par ailleurs, la commune ne peut intervenir sur un bâtiment non communal.</p>",,,0,0,0,0,,0,0,2020-08-26 16:30:12 +0200,https://uccle.monopinion.belgium.be/processes/budgetparticipatif2020/f/156/proposals/431,,
453,85.0,,,,Environnement- Développement durable,Milieu-Duurzame Ontwikkeling,,,,,,,,,35,https://uccle.monopinion.belgium.be/processes/budgetparticipatif2020?participatory_process_slug=budgetparticipatif2020,True,156,FOUR A PAIN Quartier Calevoet/Bourdon,"PRÉSENTATION DU PROJET : 
Création d’un four à pain de quartier, ouvert à tous. Le four à pain sera un lieu de rencontre autour de tout ce qui peut se cuire dans un four à pain : pain traditionnel au levain, pizzas, tajines, tartes, pâtisseries, etc. Autant de prétextes pour se faire se rencontrer les générations, les cultures et les âges d’un quartier. Cuire du pain pour apprendre des autres et aux autres, pour façonner, goûter, échanger et rencontrer ses voisins.",rejected,uccle-PROP-2020-10-453,,,,"<p>Cette proposition n'a pas été retenue parce que :</p><p>La proposition n'est pas recevable dans le cadre du budget participatif car elle n'a pas été portée par un groupement de minimum 5 Ucclois(es), âgés de minimum 16 ans tel qu'indiqué dans les conditions de recevabilité du règlement du budget participatif 2020.</p>",,,0,0,0,0,uccle.monopinion.belgium.be/uploads/decidim/attachment/file/156/Four_a%CC%80_Pain_final.pdf,1,0,2020-10-09 10:12:30 +0200,https://uccle.monopinion.belgium.be/processes/budgetparticipatif2020/f/156/proposals/453,,
430,80.0,,,,Culture,Cultuur,,,,,,,,,35,https://uccle.monopinion.belgium.be/processes/budgetparticipatif2020?participatory_process_slug=budgetparticipatif2020,True,156,Galerie d'art et rencontres d'artistes,"Je suis un photographe. Je sais qu'ici à Uccle il y a de nombreux artistes, comme moi,  connus et émergents qui aimeraient se connaître et se faire connaître. Mon idée était d'ouvrir une galerie d'art pour pouvoir exposer notres créations et aussi pour se rencontrer, se connaître et échanger des idées même de travail.",withdrawn,uccle-PROP-2020-07-430,,,,,,,0,0,0,0,,0,0,2020-07-29 18:59:55 +0200,https://uccle.monopinion.belgium.be/processes/budgetparticipatif2020/f/156/proposals/430,,
466,,,,,,,,,,,,,,,35,https://uccle.monopinion.belgium.be/processes/budgetparticipatif2020?participatory_process_slug=budgetparticipatif2020,True,156,"ARTE1180: L’art contemporain Ucclois VA vers les citoyen(ne)s, dans TOUS les quartiers d’Uccle.","1. Aménagements pour présenter des expositions dans des
bâtiments communaux existants – par ex: dans des espaces de
vie & lieux surtout fréquentés naturellement par les citoyen(ne)s.
Ex: les 2 maisons communales, lieux culturels,…
2. Expositions innovantes, dans l’espace public, par ex. dans
des “cubes en verre” pour présenter, chaque mois, des œuvres
de différent(e)s plasticien(ne)s Ucclois(e)s contemporain(e)s
- Ces cubes durables, éventuellement mobiles pourraient êtres
disposés dans les parcs, sur les places…
3. Aménagement & mise à disposition - d’un atelier collectif &/ou
individuels favorisant la création des artistes plasticien(ne)s
Ucclois(e)s.
4. Aménagement & mise à disposition d’un ou plusieurs lieux de
rencontres favorisant les échanges d’idées avec les acteurs
culturels de Bruxelles, les artistes & les citoyen(ne)s pour le
développements & le soutien de la création artistique libre.",withdrawn,uccle-PROP-2020-10-466,,,,,,,0,0,0,0,uccle.monopinion.belgium.be/uploads/decidim/attachment/file/165/_ARTE1180.pdf,1,0,2020-10-13 09:37:21 +0200,https://uccle.monopinion.belgium.be/processes/budgetparticipatif2020/f/156/proposals/466,,
445,85.0,,,,Environnement- Développement durable,Milieu-Duurzame Ontwikkeling,,,,,,,,,35,https://uccle.monopinion.belgium.be/processes/budgetparticipatif2020?participatory_process_slug=budgetparticipatif2020,True,156,Un « Four pas banal » ,"Projet: construction d’un four à bois pour pains, pizzas, tartes…
Qui : Comité de quartier de la Vallée du Linkebeek.
Où : Sur le site de l’Étang de pèche rue de Linkebeek.

Pourquoi dans notre rue ? 
Nous avons la chance d’avoir dans la rue un moulin à grains toujours en état de fonctionner et un super boulanger prêt à venir mettre la main à la pâte avec nous!
La Vallée du Linkebeek qui regroupe 400 riverains de conditions sociales, d’âges et de cultures différentes.

Les objectifs du projets : 
Un lieu de rassemblement, de LIENS pour les riverains et tous ceux qui souhaitent se joindre au projet : en somme devenir « co-pains ».
Un lieu d’échanges, de partage d’un savoir-faire, de connaissances :
ouvert et géré collectivement par le comité de quartier. 

Ce ""Four pas Banal"", première pierre d’un projet plus vaste, comporterait un espace chaleureux pour cuisiner nos mets avec les légumes des potagers voisins… avec un accès à une eau vivante pour la fabrication du pain.",withdrawn,uccle-PROP-2020-10-445,,,,,,,0,0,0,0,,0,0,2020-10-01 13:18:12 +0200,https://uccle.monopinion.belgium.be/processes/budgetparticipatif2020/f/156/proposals/445,,
448,85.0,,,,Environnement- Développement durable,Milieu-Duurzame Ontwikkeling,,,,,,,,,35,https://uccle.monopinion.belgium.be/processes/budgetparticipatif2020?participatory_process_slug=budgetparticipatif2020,True,156,Une EAU pure pour TOUS !,"Projet : un puits artésien 
Porteur du projet : le comité de quartier de la vallée du Linkebeek
Où : Étang de pêche rue de linkebeek qui regorge déjà de sources
Objectif :
bénéficier d’une eau pure et vivante, à savourer dans un lieu convivial, de partage et de don !
Notre projet de « four pas banal » à l’étang de pêche serait ainsi enrichi d’une eau de qualité lors de la fabrication du pain.
Comment :
Trouver une nappe phréatique avec un sourcier. 
Réaliser un forage avec un puisatier, c’est à dire capter directement l’eau d’une nappe dite profonde et profiter d’une source d’eau propre et sécurisée qui ne contient pas de chlore, ni de produits chimiques, ni de perturbateurs endocriniens. Le puits artésien ne nécessite aucune pompe à eau pour fonctionner.

voir lien : 
https://france3-regions.francetvinfo.fr/paris-ile-de-france/paris/paris-fontaine-butte-aux-cailles-tresor-eau-1505999.html

A Paris il existe 3 puits artésiens offrant une eau pure et gratuite.",withdrawn,uccle-PROP-2020-10-448,,,,,,,0,0,0,0,,0,0,2020-10-05 16:16:29 +0200,https://uccle.monopinion.belgium.be/processes/budgetparticipatif2020/f/156/proposals/448,,
450,82.0,,,,Sports,Sport,,,,,,,,,35,https://uccle.monopinion.belgium.be/processes/budgetparticipatif2020?participatory_process_slug=budgetparticipatif2020,True,156, Une piste de vélo acrobatique et skate,"Le projet consiste en l’installation d’une piste de vélo acrobatique et skate dans l’avenue du Prince de Ligne, dans le parking en face du numéro 56 sur l'avenue du Prince de Ligne.
Les adolescents, jeunes et adultes disposent de très peu d'espaces extérieurs pour pratiquer le sport. De plus, il n'y a pas de piste du vélo acrobatique et roller extérieure à Uccle. Ce sport est de plus en plus populaire parmi les adolescents, les jeunes et les adultes à Bruxelles, en Belgique et dans toute l'Europe, avec l'essor actuel de l'utilisation du vélo.
Promouvoir le sport, c'est promouvoir un mode de vie sain chez les jeunes.
Ce sera également un espace de rencontre, qui favorisera la socialisation des jeunes et des adolescents d'Uccle, à travers un loisir alternatif sain et la construction de relations positives entre les habitants d'Uccle. L'espace peut être clôturé et fermé la nuit pour éviter des utilisations inappropriées.",withdrawn,uccle-PROP-2020-10-450,,,,,,,0,0,0,0,uccle.monopinion.belgium.be/uploads/decidim/attachment/file/152/1_PISTE_DE_V%C3%89LO_ACROBATIQUE_ET_SKATE_DANS_L_AVENUE_DU_PRINCE_DE_LIGNE.docx,1,1,2020-10-06 13:54:48 +0200,https://uccle.monopinion.belgium.be/processes/budgetparticipatif2020/f/156/proposals/450,,
432,85.0,,,,Environnement- Développement durable,Milieu-Duurzame Ontwikkeling,,,,,,,,,35,https://uccle.monopinion.belgium.be/processes/budgetparticipatif2020?participatory_process_slug=budgetparticipatif2020,True,156,Four a pain/Pizza Participatif et citoyen,"Cuisson du Pain et lieu de sensibilisation au bien manger / Bien vivre.

Lieu de rencontre et de partage de connaissances.
Création de dynamiques de quartier.
Possibilité de venir faire cuire son pain ou de le faire sur place.
Goûter aux différentes créations/recettes.
Apprentissage ludique.

Pour tous les Ucclois et particulièrement les habitants du quartier du four a Pain
Toutes génération et milieux confondus.",withdrawn,uccle-PROP-2020-08-432,,,,,,,0,0,0,0,uccle.monopinion.belgium.be/uploads/decidim/attachment/file/135/STRUCTURE_PROJET_FOUR.docx,1,1,2020-08-26 16:53:57 +0200,https://uccle.monopinion.belgium.be/processes/budgetparticipatif2020/f/156/proposals/432,,
444,85.0,,,,Environnement- Développement durable,Milieu-Duurzame Ontwikkeling,,,,,,,,,35,https://uccle.monopinion.belgium.be/processes/budgetparticipatif2020?participatory_process_slug=budgetparticipatif2020,True,156,Un « Four pas banal » ,"Projet : construction d’un four à bois pour pain, pizzas…
Porteur du projet : Comité de quartier de la Vallée du Linkebeek
Où : Sur le site de l’Etang de pèche de la rue de Linkebeek

La Vallée du Linkebeek regroupe 400 riverains de conditions sociales, d’âges et de cultures différentes.
Nous voulons créer un lieu de rassemblement, de LIEN pour les riverains et tous ceux qui souhaitent se joindre au projet : en somme devenir « co-pains ».
Un lieu d’échanges, de partage d’un savoir-faire, de connaissances :
ouvert et géré collectivement par le comité de quartier. 
Le ""Four Pas Banal"" pourrait-être la première pierre d’un projet plus vaste, qui comporterait un espace convivial et chaleureux de rassemblement autour de l’étang, avec un accès à une eau vivante pour la fabrication du pain, une salle pour cuisiner-déguster nos mets avec des légumes des potagers voisins… et bien d’autres activités fédératrices autour de la table.",withdrawn,uccle-PROP-2020-09-444,,,,,,,0,0,0,0,,0,0,2020-09-30 18:02:20 +0200,https://uccle.monopinion.belgium.be/processes/budgetparticipatif2020/f/156/proposals/444,,
441,81.0,,,,Jeunesse,Jeugd,,,,,,,,,35,https://uccle.monopinion.belgium.be/processes/budgetparticipatif2020?participatory_process_slug=budgetparticipatif2020,True,156,Création d'un Skate-Park à Uccle ,"Bonjour à toutes et tous, 

Cette proposition au budget participatif est issue d’un groupe d’adolescents de Uccle Centre. Celui-ci est publié par leurs parents car les projets ne sont recevables que si la personne qui le présente est âgé de plus de de 16 ans. Or il nous semblait important que la voix de nos plus jeunes soit portée également jusqu’aux instances communales dans le cadre de cet appel à projet.

Lisez leur projet en pièce jointe :)",withdrawn,uccle-PROP-2020-09-441,,,,,,,0,0,0,0,uccle.monopinion.belgium.be/uploads/decidim/attachment/file/144/Skatepark_2.docx,1,3,2020-09-23 10:41:52 +0200,https://uccle.monopinion.belgium.be/processes/budgetparticipatif2020/f/156/proposals/441,,
433,85.0,,,,Environnement- Développement durable,Milieu-Duurzame Ontwikkeling,,,,,,,,,35,https://uccle.monopinion.belgium.be/processes/budgetparticipatif2020?participatory_process_slug=budgetparticipatif2020,True,156,FabLab (fabrication laboratory),"Un LABoratoire de FABrication ouvert au public pour Uccle dans lequel on trouvera des outils de fabrication numérique.
Un lieu d’échange, de partage et de formation avec des machines pour créer, innover ou réparer.
Par exemple, durant la période de confinement, de nombreux FabLab ont contribués à la fabrication de porte-visière ou à la modification de masque de plongée en masque de protection FFP2.",withdrawn,uccle-PROP-2020-09-433,,,,,,,0,0,0,0,,0,0,2020-09-01 15:01:17 +0200,https://uccle.monopinion.belgium.be/processes/budgetparticipatif2020/f/156/proposals/433,,
